time;Buitentemperatuur;Export beperking;Lichtintensiteit noord;Lichtintensiteit oost;Lichtintensiteit zuid;Lichtintensiteit west
"08/12/2024 23:55:00";5.3;0;NaN;NaN;NaN;NaN
"09/12/2024 00:00:00";5.3;0;NaN;NaN;NaN;NaN
"09/12/2024 00:05:00";5.1;0;NaN;NaN;NaN;NaN
"09/12/2024 00:10:00";5.2;0;NaN;NaN;NaN;NaN
"09/12/2024 00:15:00";5.1;0;NaN;NaN;NaN;NaN
"09/12/2024 00:20:00";5.1;0;NaN;NaN;NaN;NaN
"09/12/2024 00:25:00";5.1;0;NaN;NaN;NaN;NaN
"09/12/2024 00:30:00";5.1;0;NaN;NaN;NaN;NaN
"09/12/2024 00:35:00";5.2;0;NaN;NaN;NaN;NaN
"09/12/2024 00:40:00";5.1;0;NaN;NaN;NaN;NaN
"09/12/2024 00:45:00";5.2;0;NaN;NaN;NaN;NaN
"09/12/2024 00:50:00";5.1;0;NaN;NaN;NaN;NaN
"09/12/2024 00:55:00";5.1;0;NaN;NaN;NaN;NaN
"09/12/2024 01:00:00";5.2;0;NaN;NaN;NaN;NaN
"09/12/2024 01:05:00";5.2;0;NaN;NaN;NaN;NaN
"09/12/2024 01:10:00";5.2;0;NaN;NaN;NaN;NaN
"09/12/2024 01:15:00";5.1;0;NaN;NaN;NaN;NaN
"09/12/2024 01:20:00";5.2;0;NaN;NaN;NaN;NaN
"09/12/2024 01:25:00";5.1;0;NaN;NaN;NaN;NaN
"09/12/2024 01:30:00";5;0;NaN;NaN;NaN;NaN
"09/12/2024 01:35:00";5;0;NaN;NaN;NaN;NaN
"09/12/2024 01:40:00";5;0;NaN;NaN;NaN;NaN
"09/12/2024 01:45:00";5;0;NaN;NaN;NaN;NaN
"09/12/2024 01:50:00";4.9;0;NaN;NaN;NaN;NaN
"09/12/2024 01:55:00";4.9;0;NaN;NaN;NaN;NaN
"09/12/2024 02:00:00";4.9;0;NaN;NaN;NaN;NaN
"09/12/2024 02:05:00";4.9;0;NaN;NaN;NaN;NaN
"09/12/2024 02:10:00";5;0;NaN;NaN;NaN;NaN
"09/12/2024 02:15:00";5;0;NaN;NaN;NaN;NaN
"09/12/2024 02:20:00";5.1;0;NaN;NaN;NaN;NaN
"09/12/2024 02:25:00";5.2;0;NaN;NaN;NaN;NaN
"09/12/2024 02:30:00";5.3;0;NaN;NaN;NaN;NaN
"09/12/2024 02:35:00";5.2;0;NaN;NaN;NaN;NaN
"09/12/2024 02:40:00";5.1;0;NaN;NaN;NaN;NaN
"09/12/2024 02:45:00";5.1;0;NaN;NaN;NaN;NaN
"09/12/2024 02:50:00";5.1;0;NaN;NaN;NaN;NaN
"09/12/2024 02:55:00";5;0;NaN;NaN;NaN;NaN
"09/12/2024 03:00:00";4.8;0;NaN;NaN;NaN;NaN
"09/12/2024 03:05:00";4.8;0;NaN;NaN;NaN;NaN
"09/12/2024 03:10:00";4.9;0;NaN;NaN;NaN;NaN
"09/12/2024 03:15:00";5;0;NaN;NaN;NaN;NaN
"09/12/2024 03:20:00";4.9;0;NaN;NaN;NaN;NaN
"09/12/2024 03:25:00";5;0;NaN;NaN;NaN;NaN
"09/12/2024 03:30:00";5.1;0;NaN;NaN;NaN;NaN
"09/12/2024 03:35:00";5.2;0;NaN;NaN;NaN;NaN
"09/12/2024 03:40:00";5.3;0;NaN;NaN;NaN;NaN
"09/12/2024 03:45:00";5.4;0;NaN;NaN;NaN;NaN
"09/12/2024 03:50:00";5.5;0;NaN;NaN;NaN;NaN
"09/12/2024 03:55:00";5.5;0;NaN;NaN;NaN;NaN
"09/12/2024 04:00:00";5.5;0;NaN;NaN;NaN;NaN
"09/12/2024 04:05:00";5.4;0;NaN;NaN;NaN;NaN
"09/12/2024 04:10:00";5.5;1;NaN;NaN;NaN;NaN
"09/12/2024 04:15:00";5.4;0;NaN;NaN;NaN;NaN
"09/12/2024 04:20:00";5.4;0;NaN;NaN;NaN;NaN
"09/12/2024 04:25:00";5.4;0;NaN;NaN;NaN;NaN
"09/12/2024 04:30:00";5.5;0;NaN;NaN;NaN;NaN
"09/12/2024 04:35:00";5.4;3;NaN;NaN;NaN;NaN
"09/12/2024 04:40:00";5.5;0;NaN;NaN;NaN;NaN
"09/12/2024 04:45:00";5.5;0;NaN;NaN;NaN;NaN
"09/12/2024 04:50:00";5.5;0;NaN;NaN;NaN;NaN
"09/12/2024 04:55:00";5.5;0;NaN;NaN;NaN;NaN
"09/12/2024 05:00:00";5.5;0;NaN;NaN;NaN;NaN
"09/12/2024 05:05:00";5.5;0;NaN;NaN;NaN;NaN
"09/12/2024 05:10:00";5.5;0;NaN;NaN;NaN;NaN
"09/12/2024 05:15:00";5.6;0;NaN;NaN;NaN;NaN
"09/12/2024 05:20:00";5.5;0;NaN;NaN;NaN;NaN
"09/12/2024 05:25:00";5.6;0;NaN;NaN;NaN;NaN
"09/12/2024 05:30:00";5.6;0;NaN;NaN;NaN;NaN
"09/12/2024 05:35:00";5.6;0;NaN;NaN;NaN;NaN
"09/12/2024 05:40:00";5.5;0;NaN;NaN;NaN;NaN
"09/12/2024 05:45:00";5.5;0;NaN;NaN;NaN;NaN
"09/12/2024 05:50:00";5.6;0;NaN;NaN;NaN;NaN
"09/12/2024 05:55:00";5.4;0;NaN;NaN;NaN;NaN
"09/12/2024 06:00:00";5.4;0;NaN;NaN;NaN;NaN
"09/12/2024 06:05:00";5.5;0;NaN;NaN;NaN;NaN
"09/12/2024 06:10:00";5.5;0;NaN;NaN;NaN;NaN
"09/12/2024 06:15:00";5.5;0;NaN;NaN;NaN;NaN
"09/12/2024 06:20:00";5.5;0;NaN;NaN;NaN;NaN
"09/12/2024 06:25:00";5.5;0;NaN;NaN;NaN;NaN
"09/12/2024 06:30:00";5.5;0;NaN;NaN;NaN;NaN
"09/12/2024 06:35:00";5.5;0;NaN;NaN;NaN;NaN
"09/12/2024 06:40:00";5.4;0;NaN;NaN;NaN;NaN
"09/12/2024 06:45:00";5.3;0;NaN;NaN;NaN;NaN
"09/12/2024 06:50:00";5.3;0;NaN;NaN;NaN;NaN
"09/12/2024 06:55:00";5.5;0;NaN;NaN;NaN;NaN
"09/12/2024 07:00:00";5.3;0;NaN;NaN;NaN;NaN
"09/12/2024 07:05:00";5.3;0;NaN;NaN;NaN;NaN
"09/12/2024 07:10:00";5.4;0;NaN;NaN;NaN;NaN
"09/12/2024 07:15:00";5.3;0;NaN;NaN;NaN;NaN
"09/12/2024 07:20:00";5.1;0;NaN;NaN;NaN;NaN
"09/12/2024 07:25:00";5.3;0;NaN;NaN;NaN;NaN
"09/12/2024 07:30:00";5.4;0;NaN;NaN;NaN;NaN
"09/12/2024 07:35:00";5.3;0;NaN;NaN;NaN;NaN
"09/12/2024 07:40:00";5.3;0;NaN;NaN;NaN;NaN
"09/12/2024 07:45:00";5.3;0;NaN;NaN;NaN;NaN
"09/12/2024 07:50:00";5.1;0;NaN;NaN;NaN;NaN
"09/12/2024 07:55:00";5.3;0;NaN;NaN;NaN;NaN
"09/12/2024 08:00:00";5.1;0;NaN;NaN;NaN;NaN
"09/12/2024 08:05:00";5.4;0;NaN;NaN;NaN;NaN
"09/12/2024 08:10:00";5.3;0;NaN;NaN;NaN;NaN
"09/12/2024 08:15:00";5.3;0;NaN;NaN;NaN;NaN
"09/12/2024 08:20:00";5.2;0;NaN;NaN;NaN;NaN
"09/12/2024 08:25:00";5.3;0;NaN;NaN;NaN;NaN
"09/12/2024 08:30:00";5.1;0;NaN;NaN;NaN;NaN
"09/12/2024 08:35:00";5.3;0;NaN;NaN;NaN;NaN
"09/12/2024 08:40:00";5.2;0;NaN;NaN;NaN;NaN
"09/12/2024 08:45:00";5.1;0;NaN;NaN;NaN;NaN
"09/12/2024 08:50:00";5.1;0;NaN;NaN;NaN;NaN
"09/12/2024 08:55:00";5.2;0;NaN;NaN;NaN;NaN
"09/12/2024 09:00:00";5.2;0;NaN;NaN;NaN;NaN
"09/12/2024 09:05:00";5.2;0;NaN;NaN;NaN;NaN
"09/12/2024 09:10:00";5.2;0;NaN;NaN;NaN;NaN
"09/12/2024 09:15:00";5.3;0;NaN;NaN;NaN;NaN
"09/12/2024 09:20:00";5.4;0;NaN;NaN;NaN;NaN
"09/12/2024 09:25:00";5.4;0;NaN;NaN;NaN;NaN
"09/12/2024 09:30:00";5.4;0;NaN;NaN;NaN;NaN
"09/12/2024 09:35:00";5.4;0;NaN;NaN;NaN;NaN
"09/12/2024 09:40:00";5.2;0;NaN;NaN;NaN;NaN
"09/12/2024 09:45:00";5.1;0;NaN;NaN;NaN;NaN
"09/12/2024 09:50:00";5;0;NaN;NaN;NaN;NaN
"09/12/2024 09:55:00";5.1;0;NaN;NaN;NaN;NaN
"09/12/2024 10:00:00";5.2;0;NaN;NaN;NaN;NaN
"09/12/2024 10:05:00";5.2;0;NaN;NaN;NaN;NaN
"09/12/2024 10:10:00";5.1;0;NaN;NaN;NaN;NaN
"09/12/2024 10:15:00";5.2;0;NaN;NaN;NaN;NaN
"09/12/2024 10:20:00";5.3;0;NaN;NaN;NaN;NaN
"09/12/2024 10:25:00";5.2;0;NaN;NaN;NaN;NaN
"09/12/2024 10:30:00";5.1;0;NaN;NaN;NaN;NaN
"09/12/2024 10:35:00";5.1;0;NaN;NaN;NaN;NaN
"09/12/2024 10:40:00";5.1;0;NaN;NaN;NaN;NaN
"09/12/2024 10:45:00";5.1;0;NaN;NaN;NaN;NaN
"09/12/2024 10:50:00";5.1;0;NaN;NaN;NaN;NaN
"09/12/2024 10:55:00";5.2;0;NaN;NaN;NaN;NaN
"09/12/2024 11:00:00";5.1;0;NaN;NaN;NaN;NaN
"09/12/2024 11:05:00";5.2;0;NaN;NaN;NaN;NaN
"09/12/2024 11:10:00";5.3;0;NaN;NaN;NaN;NaN
"09/12/2024 11:15:00";5.4;0;NaN;NaN;NaN;NaN
"09/12/2024 11:20:00";5.4;0;NaN;NaN;NaN;NaN
"09/12/2024 11:25:00";5.5;0;NaN;NaN;NaN;NaN
"09/12/2024 11:30:00";5.8;0;NaN;NaN;NaN;NaN
"09/12/2024 11:35:00";5.8;0;NaN;NaN;NaN;NaN
"09/12/2024 11:40:00";5.8;0;NaN;NaN;NaN;NaN
"09/12/2024 11:45:00";5.9;0;NaN;NaN;NaN;NaN
"09/12/2024 11:50:00";5.8;0;NaN;NaN;NaN;NaN
"09/12/2024 11:55:00";5.6;0;NaN;NaN;NaN;NaN
"09/12/2024 12:00:00";5.8;0;NaN;NaN;NaN;NaN
"09/12/2024 12:05:00";5.3;0;NaN;NaN;NaN;NaN
"09/12/2024 12:10:00";5.6;0;NaN;NaN;NaN;NaN
"09/12/2024 12:15:00";5.8;0;NaN;NaN;NaN;NaN
"09/12/2024 12:20:00";5.7;0;NaN;NaN;NaN;NaN
"09/12/2024 12:25:00";5.5;0;NaN;NaN;NaN;NaN
"09/12/2024 12:30:00";5.4;0;NaN;NaN;NaN;NaN
"09/12/2024 12:35:00";5.8;0;NaN;NaN;NaN;NaN
"09/12/2024 12:40:00";5.8;0;NaN;NaN;NaN;NaN
"09/12/2024 12:45:00";5.7;0;NaN;NaN;NaN;NaN
"09/12/2024 12:50:00";5.7;0;NaN;NaN;NaN;NaN
"09/12/2024 12:55:00";5.7;NaN;NaN;NaN;NaN;NaN
"09/12/2024 13:00:00";6;0;NaN;NaN;NaN;NaN
"09/12/2024 13:05:00";6;0;NaN;NaN;NaN;NaN
"09/12/2024 13:10:00";5.8;0;NaN;NaN;NaN;NaN
"09/12/2024 13:15:00";6;0;NaN;NaN;NaN;NaN
"09/12/2024 13:20:00";5.9;0;NaN;NaN;NaN;NaN
"09/12/2024 13:25:00";6;0;NaN;NaN;NaN;NaN
"09/12/2024 13:30:00";5.9;0;NaN;NaN;NaN;NaN
"09/12/2024 13:35:00";5.7;0;NaN;NaN;NaN;NaN
"09/12/2024 13:40:00";5.8;0;NaN;NaN;NaN;NaN
"09/12/2024 13:45:00";5.9;0;NaN;NaN;NaN;NaN
"09/12/2024 13:50:00";5.9;0;NaN;NaN;NaN;NaN
"09/12/2024 13:55:00";5.7;0;NaN;NaN;NaN;NaN
"09/12/2024 14:00:00";5.9;0;NaN;NaN;NaN;NaN
"09/12/2024 14:05:00";6;0;NaN;NaN;NaN;NaN
"09/12/2024 14:10:00";5.9;0;NaN;NaN;NaN;NaN
"09/12/2024 14:15:00";5.8;0;NaN;NaN;NaN;NaN
"09/12/2024 14:20:00";6;0;NaN;NaN;NaN;NaN
"09/12/2024 14:25:00";6;0;NaN;NaN;NaN;NaN
"09/12/2024 14:30:00";5.8;0;NaN;NaN;NaN;NaN
"09/12/2024 14:35:00";5.9;0;NaN;NaN;NaN;NaN
"09/12/2024 14:40:00";6;0;NaN;NaN;NaN;NaN
"09/12/2024 14:45:00";6;0;NaN;NaN;NaN;NaN
"09/12/2024 14:50:00";5.9;0;NaN;NaN;NaN;NaN
"09/12/2024 14:55:00";5.9;0;NaN;NaN;NaN;NaN
"09/12/2024 15:00:00";6;0;NaN;NaN;NaN;NaN
"09/12/2024 15:05:00";6;0;NaN;NaN;NaN;NaN
"09/12/2024 15:10:00";6;0;NaN;NaN;NaN;NaN
"09/12/2024 15:15:00";6;0;NaN;NaN;NaN;NaN
"09/12/2024 15:20:00";6;0;NaN;NaN;NaN;NaN
"09/12/2024 15:25:00";5.9;0;NaN;NaN;NaN;NaN
"09/12/2024 15:30:00";5.8;0;NaN;NaN;NaN;NaN
"09/12/2024 15:35:00";5.9;0;NaN;NaN;NaN;NaN
"09/12/2024 15:40:00";6;0;NaN;NaN;NaN;NaN
"09/12/2024 15:45:00";5.8;0;NaN;NaN;NaN;NaN
"09/12/2024 15:50:00";5.9;0;NaN;NaN;NaN;NaN
"09/12/2024 15:55:00";6.1;0;NaN;NaN;NaN;NaN
"09/12/2024 16:00:00";6.1;0;NaN;NaN;NaN;NaN
"09/12/2024 16:05:00";5.9;0;NaN;NaN;NaN;NaN
"09/12/2024 16:10:00";5.9;0;NaN;NaN;NaN;NaN
"09/12/2024 16:15:00";6.1;0;NaN;NaN;NaN;NaN
"09/12/2024 16:20:00";5.9;0;NaN;NaN;NaN;NaN
"09/12/2024 16:25:00";6;0;NaN;NaN;NaN;NaN
"09/12/2024 16:30:00";6;0;NaN;NaN;NaN;NaN
"09/12/2024 16:35:00";6.1;0;NaN;NaN;NaN;NaN
"09/12/2024 16:40:00";5.8;0;NaN;NaN;NaN;NaN
"09/12/2024 16:45:00";6.1;0;0;0;0;0
"09/12/2024 16:50:00";6.1;0;0;0;0;0
"09/12/2024 16:55:00";5.9;0;0;0;0;0
"09/12/2024 17:00:00";5.8;0;0;0;0;0
"09/12/2024 17:05:00";6;0;0;0;0;0
"09/12/2024 17:10:00";6;0;0;0;0;0
"09/12/2024 17:15:00";6;0;0;0;0;0
"09/12/2024 17:20:00";6;0;0;0;0;0
"09/12/2024 17:25:00";6;0;0;0;0;0
"09/12/2024 17:30:00";6;4;0;0;0;0
"09/12/2024 17:35:00";6;0;0;0;0;0
"09/12/2024 17:40:00";6;0;0;0;0;0
"09/12/2024 17:45:00";5.9;0;0;0;0;0
"09/12/2024 17:50:00";5.9;0;0;0;0;0
"09/12/2024 17:55:00";6;0;0;0;0;0
"09/12/2024 18:00:00";5.9;0;0;0;0;0
"09/12/2024 18:05:00";5.8;0;0;0;0;0
"09/12/2024 18:10:00";5.8;0;0;0;0;0
"09/12/2024 18:15:00";5.7;0;0;0;0;0
"09/12/2024 18:20:00";5.7;0;0;0;0;0
"09/12/2024 18:25:00";5.6;0;0;0;0;0
"09/12/2024 18:30:00";5.5;0;0;0;0;0
"09/12/2024 18:35:00";5.5;0;0;0;0;0
"09/12/2024 18:40:00";5.5;0;0;0;0;0
"09/12/2024 18:45:00";5.5;0;0;0;0;NaN
"09/12/2024 18:50:00";5.6;0;0;0;0;0
"09/12/2024 18:55:00";5.5;0;0;0;0;0
"09/12/2024 19:00:00";5.4;0;0;0;0;0
"09/12/2024 19:05:00";5.3;0;0;0;0;0
"09/12/2024 19:10:00";5.4;0;0;0;0;0
"09/12/2024 19:15:00";5.5;0;0;0;0;0
"09/12/2024 19:20:00";5.5;0;0;0;0;0
"09/12/2024 19:25:00";5.7;0;0;0;0;0
"09/12/2024 19:30:00";5.6;0;0;0;0;0
"09/12/2024 19:35:00";5.6;0;0;0;0;0
"09/12/2024 19:40:00";5.6;0;0;0;0;0
"09/12/2024 19:45:00";5.7;0;0;NaN;0;NaN
"09/12/2024 19:50:00";5.6;0;0;0;0;NaN
"09/12/2024 19:55:00";5.6;0;0;0;NaN;NaN
"09/12/2024 20:00:00";5.6;0;0;NaN;NaN;0
"09/12/2024 20:05:00";5.6;0;0;0;0;0
"09/12/2024 20:10:00";5.6;0;0;0;0;0
"09/12/2024 20:15:00";5.7;0;0;0;0;0
"09/12/2024 20:20:00";5.6;0;0;0;0;0
"09/12/2024 20:25:00";NaN;0;NaN;NaN;0;0
"09/12/2024 20:30:00";5.6;0;0;0;0;0
"09/12/2024 20:35:00";5.6;0;0;0;0;0
"09/12/2024 20:40:00";5.6;0;0;0;0;0
"09/12/2024 20:45:00";5.6;0;0;0;0;0
"09/12/2024 20:50:00";5.7;0;0;0;0;0
"09/12/2024 20:55:00";5.7;0;0;0;0;0
"09/12/2024 21:00:00";5.6;0;0;0;0;0
"09/12/2024 21:05:00";5.6;0;0;0;0;0
"09/12/2024 21:10:00";5.6;0;0;0;0;0
"09/12/2024 21:15:00";5.6;0;0;0;0;0
"09/12/2024 21:20:00";5.5;0;0;0;0;0
"09/12/2024 21:25:00";5.5;0;0;0;0;0
"09/12/2024 21:30:00";5.5;0;0;0;0;0
"09/12/2024 21:35:00";5.5;0;0;0;0;0
"09/12/2024 21:40:00";5.5;0;0;0;0;0
"09/12/2024 21:45:00";5.5;0;0;0;0;0
"09/12/2024 21:50:00";5.5;0;0;0;0;0
"09/12/2024 21:55:00";5.5;0;0;0;0;0
"09/12/2024 22:00:00";5.6;0;0;0;0;0
"09/12/2024 22:05:00";5.5;0;0;0;0;0
"09/12/2024 22:10:00";5.5;0;0;0;0;0
"09/12/2024 22:15:00";5.5;0;0;0;0;0
"09/12/2024 22:20:00";5.5;0;0;0;0;0
"09/12/2024 22:25:00";5.4;0;0;0;0;0
"09/12/2024 22:30:00";5.4;0;0;0;0;0
"09/12/2024 22:35:00";NaN;0;NaN;NaN;0;NaN
"09/12/2024 22:40:00";5.2;0;0;0;0;0
"09/12/2024 22:45:00";5.2;0;0;0;0;0
"09/12/2024 22:50:00";5.2;0;0;0;0;0
"09/12/2024 22:55:00";5.1;0;0;0;0;0
"09/12/2024 23:00:00";5.2;0;0;0;0;0
"09/12/2024 23:05:00";5.1;0;0;0;0;0
"09/12/2024 23:10:00";5.1;0;0;0;0;0
"09/12/2024 23:15:00";NaN;0;0;NaN;0;0
"09/12/2024 23:20:00";5.1;1;0;0;0;0
"09/12/2024 23:25:00";5.1;0;0;0;0;0
"09/12/2024 23:30:00";5;0;0;0;0;0
"09/12/2024 23:35:00";4.9;0;0;0;0;0
"09/12/2024 23:40:00";4.9;0;0;0;0;0
"09/12/2024 23:45:00";4.9;0;0;0;0;0
"09/12/2024 23:50:00";4.9;0;0;0;0;0
"09/12/2024 23:55:00";4.8;0;0;0;0;0
"10/12/2024 00:00:00";4.7;0;0;0;0;0
"10/12/2024 00:05:00";4.7;0;0;0;0;0
"10/12/2024 00:10:00";4.8;0;0;0;0;0
"10/12/2024 00:15:00";4.7;0;0;0;0;0
"10/12/2024 00:20:00";4.8;0;0;0;0;0
"10/12/2024 00:25:00";4.9;0;0;0;0;0
"10/12/2024 00:30:00";4.9;0;0;0;0;0
"10/12/2024 00:35:00";4.9;0;0;0;0;0
"10/12/2024 00:40:00";4.9;0;0;0;0;0
"10/12/2024 00:45:00";5;0;0;0;0;0
"10/12/2024 00:50:00";5;0;0;0;0;0
"10/12/2024 00:55:00";5;0;0;0;0;0
"10/12/2024 01:00:00";5.1;0;0;0;0;0
"10/12/2024 01:05:00";5.1;0;0;0;0;0
"10/12/2024 01:10:00";5;0;0;0;0;0
"10/12/2024 01:15:00";4.9;0;0;0;0;0
"10/12/2024 01:20:00";4.9;0;0;0;0;0
"10/12/2024 01:25:00";4.8;0;0;0;0;0
"10/12/2024 01:30:00";4.8;0;0;0;0;0
"10/12/2024 01:35:00";4.8;0;0;0;0;0
"10/12/2024 01:40:00";4.8;0;0;0;0;0
"10/12/2024 01:45:00";4.9;0;0;0;0;0
"10/12/2024 01:50:00";4.7;18;0;0;0;0
"10/12/2024 01:55:00";4.7;0;0;0;0;0
"10/12/2024 02:00:00";4.6;0;0;0;0;0
"10/12/2024 02:05:00";4.6;0;0;0;0;0
"10/12/2024 02:10:00";4.5;0;0;0;0;0
"10/12/2024 02:15:00";4.6;0;0;0;0;0
"10/12/2024 02:20:00";4.6;0;0;0;0;0
"10/12/2024 02:25:00";4.5;0;0;0;0;0
"10/12/2024 02:30:00";4.5;0;0;0;0;0
"10/12/2024 02:35:00";4.5;0;0;0;0;0
"10/12/2024 02:40:00";4.5;0;0;0;0;0
"10/12/2024 02:45:00";4.6;0;0;0;0;0
"10/12/2024 02:50:00";4.4;0;0;0;0;0
"10/12/2024 02:55:00";4.5;0;0;0;0;0
"10/12/2024 03:00:00";4.5;0;0;0;0;0
"10/12/2024 03:05:00";4.5;0;0;0;0;0
"10/12/2024 03:10:00";4.5;0;0;0;0;0
"10/12/2024 03:15:00";4.5;0;0;0;0;0
"10/12/2024 03:20:00";4.5;0;0;0;0;0
"10/12/2024 03:25:00";4.5;0;0;0;0;0
"10/12/2024 03:30:00";4.7;0;0;0;0;0
"10/12/2024 03:35:00";4.5;0;0;0;0;0
"10/12/2024 03:40:00";4.5;0;0;0;0;0
"10/12/2024 03:45:00";4.5;0;0;0;0;0
"10/12/2024 03:50:00";4.5;0;NaN;0;0;0
"10/12/2024 03:55:00";4.5;0;0;0;0;0
"10/12/2024 04:00:00";4.5;0;0;0;0;0
"10/12/2024 04:05:00";4.4;0;0;0;0;0
"10/12/2024 04:10:00";4.5;0;0;0;0;0
"10/12/2024 04:15:00";4.5;0;0;0;0;0
"10/12/2024 04:20:00";4.6;0;0;0;0;0
"10/12/2024 04:25:00";4.5;0;0;0;0;0
"10/12/2024 04:30:00";4.5;0;0;0;0;0
"10/12/2024 04:35:00";4.5;NaN;0;0;0;0
"10/12/2024 04:40:00";4.6;0;0;0;0;0
"10/12/2024 04:45:00";4.6;0;0;0;0;0
"10/12/2024 04:50:00";4.6;0;0;0;0;0
"10/12/2024 04:55:00";4.6;0;0;0;0;0
"10/12/2024 05:00:00";4.6;0;0;0;0;0
"10/12/2024 05:05:00";4.5;0;0;0;0;0
"10/12/2024 05:10:00";4.5;0;0;0;0;0
"10/12/2024 05:15:00";4.5;NaN;NaN;NaN;NaN;NaN
"10/12/2024 05:20:00";4.5;0;0;0;0;0
"10/12/2024 05:25:00";4.5;1;0;0;0;0
"10/12/2024 05:30:00";4.5;0;0;0;0;0
"10/12/2024 05:35:00";4.5;0;0;0;0;0
"10/12/2024 05:40:00";4.5;0;0;0;0;0
"10/12/2024 05:45:00";4.5;0;0;0;0;0
"10/12/2024 05:50:00";4.7;0;0;0;0;0
"10/12/2024 05:55:00";4.6;0;0;0;0;0
"10/12/2024 06:00:00";4.6;0;0;0;0;0
"10/12/2024 06:05:00";4.6;0;0;0;0;0
"10/12/2024 06:10:00";4.6;0;0;0;0;0
"10/12/2024 06:15:00";4.7;0;0;0;0;0
"10/12/2024 06:20:00";4.7;0;0;0;0;0
"10/12/2024 06:25:00";NaN;0;NaN;0;0;0
"10/12/2024 06:30:00";4.7;0;0;0;0;0
"10/12/2024 06:35:00";4.8;0;0;0;0;0
"10/12/2024 06:40:00";4.7;0;NaN;0;NaN;0
"10/12/2024 06:45:00";4.7;0;0;0;0;0
"10/12/2024 06:50:00";4.7;0;NaN;0;0;NaN
"10/12/2024 06:55:00";4.8;0;0;0;0;0
"10/12/2024 07:00:00";4.8;0;0;0;0;0
"10/12/2024 07:05:00";4.9;0;0;0;0;0
"10/12/2024 07:10:00";5;0;0;0;0;0
"10/12/2024 07:15:00";5;0;0;0;0;0
"10/12/2024 07:20:00";4.9;0;0;0;0;0
"10/12/2024 07:25:00";4.8;0;0;0;0;0
"10/12/2024 07:30:00";4.6;0;0;0;0;0
"10/12/2024 07:35:00";5.1;0;0;0;0;0
"10/12/2024 07:40:00";4.9;0;0;0;0;0
"10/12/2024 07:45:00";4.7;0;0;0;0;0
"10/12/2024 07:50:00";4.7;0;0;0;0;0
"10/12/2024 07:55:00";4.7;0;0;0;0;0
"10/12/2024 08:00:00";4.6;0;0;NaN;NaN;0
"10/12/2024 08:05:00";4.5;0;0;0;0;0
"10/12/2024 08:10:00";4.6;0;0;0;0;0
"10/12/2024 08:15:00";4.6;0;0;0;0;0
"10/12/2024 08:20:00";4.6;0;0;0;0;0
"10/12/2024 08:25:00";4.6;0;0;0;0;0
"10/12/2024 08:30:00";4.6;0;0;0;0;0
"10/12/2024 08:35:00";4.5;0;NaN;0;0;0
"10/12/2024 08:40:00";4.4;0;0;0;0;0
"10/12/2024 08:45:00";4.5;0;0.1;0.1;0.1;0.1
"10/12/2024 08:50:00";4.5;0;0.1;0.1;0.1;0.1
"10/12/2024 08:55:00";4.5;0;0.1;0.1;0.1;0.1
"10/12/2024 09:00:00";4.5;0;0.2;0.1;0.1;0.1
"10/12/2024 09:05:00";4.5;0;0.2;0.2;0.2;0.2
"10/12/2024 09:10:00";4.5;0;0.3;0.3;0.2;0.3
"10/12/2024 09:15:00";4.5;0;0.4;0.3;0.2;0.4
"10/12/2024 09:20:00";4.5;0;0.4;0.4;0.3;0.4
"10/12/2024 09:25:00";4.5;0;0.3;0.3;0.3;0.3
"10/12/2024 09:30:00";4.5;0;0.4;0.4;0.3;0.4
"10/12/2024 09:35:00";4.6;0;0.6;0.5;0.4;0.5
"10/12/2024 09:40:00";4.6;0;0.7;0.6;0.5;0.6
"10/12/2024 09:45:00";4.5;0;0.6;0.6;0.5;0.6
"10/12/2024 09:50:00";4.6;0;0.7;0.7;0.6;0.7
"10/12/2024 09:55:00";4.6;0;0.8;0.8;0.6;0.7
"10/12/2024 10:00:00";4.6;0;0.9;0.9;0.8;0.8
"10/12/2024 10:05:00";4.5;0;1;1;0.8;0.9
"10/12/2024 10:10:00";4.6;0;0.9;0.8;0.7;0.8
"10/12/2024 10:15:00";4.7;0;0.9;0.8;0.6;0.8
"10/12/2024 10:20:00";4.5;0;1.5;1.4;1.1;1.4
"10/12/2024 10:25:00";4.6;0;0.9;0.9;0.8;0.9
"10/12/2024 10:30:00";4.7;0;0.8;NaN;0.7;0.7
"10/12/2024 10:35:00";4.6;0;0.8;0.9;0.8;0.8
"10/12/2024 10:40:00";4.5;0;0.7;0.6;0.5;0.6
"10/12/2024 10:45:00";4.7;0;0.8;0.7;0.5;0.6
"10/12/2024 10:50:00";4.7;0;1;1;0.8;0.8
"10/12/2024 10:55:00";4.5;0;1.3;1.2;1;1.1
"10/12/2024 11:00:00";4.7;0;1.4;1.4;1.1;1.3
"10/12/2024 11:05:00";4.7;0;1.6;1.5;1.3;1.5
"10/12/2024 11:10:00";4.7;0;1.8;1.7;1.5;1.7
"10/12/2024 11:15:00";4.5;0;1.9;1.8;1.5;1.7
"10/12/2024 11:20:00";4.6;0;2;1.9;1.6;1.8
"10/12/2024 11:25:00";4.8;0;1.9;1.9;1.6;1.7
"10/12/2024 11:30:00";4.5;0;2;1.9;1.5;1.8
"10/12/2024 11:35:00";4.5;0;2;2;1.6;1.8
"10/12/2024 11:40:00";4.8;0;2.3;2.3;1.9;2.1
"10/12/2024 11:45:00";4.7;0;2.4;2.4;2;2.3
"10/12/2024 11:50:00";4.4;0;2.6;2.6;2.1;2.3
"10/12/2024 11:55:00";4.7;0;2.6;2.6;2.1;2.3
"10/12/2024 12:00:00";4.8;0;2.9;2.8;2.2;2.6
"10/12/2024 12:05:00";4.7;0;2.8;2.8;2.2;2.5
"10/12/2024 12:10:00";4.5;0;2.9;2.7;2.3;2.8
"10/12/2024 12:15:00";NaN;0;2.6;2.7;2.3;2.5
"10/12/2024 12:20:00";4.7;0;2.6;2.4;2.1;2.6
"10/12/2024 12:25:00";4.7;0;2.1;1.9;1.6;2
"10/12/2024 12:30:00";4.4;0;2;1.8;1.5;1.8
"10/12/2024 12:35:00";4.6;0;1.8;1.8;1.5;1.7
"10/12/2024 12:40:00";4.6;0;1.8;1.7;1.4;1.7
"10/12/2024 12:45:00";4.6;0;2.1;1.9;1.6;2
"10/12/2024 12:50:00";4.5;0;2.2;2;1.6;2
"10/12/2024 12:55:00";4.6;0;1.9;1.9;1.7;1.9
"10/12/2024 13:00:00";4.7;0;1.7;1.7;1.4;1.6
"10/12/2024 13:05:00";4.6;0;1.6;1.7;1.4;1.5
"10/12/2024 13:10:00";4.2;0;1.8;1.7;1.5;1.7
"10/12/2024 13:15:00";4.6;0;1.7;1.7;1.4;1.6
"10/12/2024 13:20:00";4.7;0;1.7;1.6;1.3;1.6
"10/12/2024 13:25:00";4.5;0;1.7;1.6;1.3;1.6
"10/12/2024 13:30:00";4.5;0;1.7;1.6;1.3;1.5
"10/12/2024 13:35:00";4.7;0;1.6;1.6;1.4;1.5
"10/12/2024 13:40:00";4.6;0;1.4;1.4;1.2;1.4
"10/12/2024 13:45:00";4.5;0;NaN;1.4;1.2;NaN
"10/12/2024 13:50:00";4.5;0;1.6;1.6;1.3;1.4
"10/12/2024 13:55:00";4.7;0;1.7;1.6;1.4;1.5
"10/12/2024 14:00:00";4.7;0;1.9;1.9;1.5;1.7
"10/12/2024 14:05:00";4.5;0;1.7;1.5;1.3;1.5
"10/12/2024 14:10:00";4.7;0;1.5;1.4;1.2;1.5
"10/12/2024 14:15:00";4.7;0;1.2;1.1;1;1.2
"10/12/2024 14:20:00";4.6;0;1.5;1.4;1.1;1.3
"10/12/2024 14:25:00";4.6;0;1.1;1.1;1;1
"10/12/2024 14:30:00";4.8;0;1;1;0.9;0.9
"10/12/2024 14:35:00";4.7;0;1;1;0.8;0.9
"10/12/2024 14:40:00";4.6;0;1;1;0.8;0.9
"10/12/2024 14:45:00";4.7;0;0.9;0.9;0.8;0.8
"10/12/2024 14:50:00";4.7;0;0.8;0.8;0.7;0.7
"10/12/2024 14:55:00";4.6;0;0.8;NaN;0.7;0.8
"10/12/2024 15:00:00";4.6;0;0.7;0.7;0.5;0.6
"10/12/2024 15:05:00";4.7;0;0.9;1;0.8;0.8
"10/12/2024 15:10:00";4.6;0;0.7;0.8;0.7;0.7
"10/12/2024 15:15:00";4.5;0;0.6;0.6;0.5;NaN
"10/12/2024 15:20:00";4.6;0;0.5;0.5;0.5;0.5
"10/12/2024 15:25:00";4.6;0;0.4;0.4;0.3;0.4
"10/12/2024 15:30:00";4.7;0;0.4;0.4;0.3;0.3
"10/12/2024 15:35:00";4.6;0;0.3;0.3;0.3;0.3
"10/12/2024 15:40:00";4.7;0;0.4;0.4;0.3;0.4
"10/12/2024 15:45:00";4.6;0;0.3;0.3;0.2;0.3
"10/12/2024 15:50:00";NaN;0;NaN;0.2;NaN;NaN
"10/12/2024 15:55:00";4.7;0;0.2;0.2;0.2;0.2
"10/12/2024 16:00:00";4.7;0;0.2;0.2;0.1;0.2
"10/12/2024 16:05:00";NaN;0;0.1;NaN;NaN;0.1
"10/12/2024 16:10:00";4.6;0;0.1;0.1;0.1;0.1
"10/12/2024 16:15:00";4.7;0;0;0;0;0
"10/12/2024 16:20:00";4.7;0;0;0;0;0
"10/12/2024 16:25:00";4.5;0;0;0;0;0
"10/12/2024 16:30:00";4.7;0;0;0;0;0
"10/12/2024 16:35:00";4.6;0;0;0;0;0
"10/12/2024 16:40:00";4.6;0;0;0;0;0
"10/12/2024 16:45:00";4.6;0;0;0;0;0
"10/12/2024 16:50:00";4.6;0;0;0;0;0
"10/12/2024 16:55:00";4.4;0;0;0;0;0
"10/12/2024 17:00:00";4.5;0;0;0;NaN;0
"10/12/2024 17:05:00";4.6;0;0;0;0;0
"10/12/2024 17:10:00";4.6;0;0;0;0;0
"10/12/2024 17:15:00";4.6;0;0;0;0;0
"10/12/2024 17:20:00";4.5;0;0;0;0;0
"10/12/2024 17:25:00";4.5;0;0;0;0;0
"10/12/2024 17:30:00";4.5;0;0;0;0;0
"10/12/2024 17:35:00";4.6;0;0;0;0;0
"10/12/2024 17:40:00";4.5;0;0;0;0;0
"10/12/2024 17:45:00";4.5;0;0;0;0;0
"10/12/2024 17:50:00";4.7;0;0;0;0;0
"10/12/2024 17:55:00";4.7;0;0;0;0;0
"10/12/2024 18:00:00";4.5;0;0;0;0;0
"10/12/2024 18:05:00";4.4;0;0;0;0;0
"10/12/2024 18:10:00";4.6;0;0;0;0;0
"10/12/2024 18:15:00";4.5;0;0;0;0;0
"10/12/2024 18:20:00";4.5;0;0;0;0;0
"10/12/2024 18:25:00";4.5;0;0;0;0;0
"10/12/2024 18:30:00";4.5;0;0;0;0;0
"10/12/2024 18:35:00";4.5;0;0;0;0;0
"10/12/2024 18:40:00";4.5;0;0;0;0;0
"10/12/2024 18:45:00";4.5;0;0;0;0;0
"10/12/2024 18:50:00";4.5;0;0;0;0;0
"10/12/2024 18:55:00";4.5;0;0;0;0;0
"10/12/2024 19:00:00";4.5;0;0;0;0;0
"10/12/2024 19:05:00";4.5;0;0;0;0;0
"10/12/2024 19:10:00";4.2;0;0;0;0;0
"10/12/2024 19:15:00";4.5;0;0;0;0;0
"10/12/2024 19:20:00";4.6;0;NaN;NaN;NaN;0
"10/12/2024 19:25:00";4.5;0;0;0;0;0
"10/12/2024 19:30:00";4.4;0;0;0;0;0
"10/12/2024 19:35:00";4.4;0;0;0;0;0
"10/12/2024 19:40:00";4.5;0;0;0;0;0
"10/12/2024 19:45:00";4.5;0;0;NaN;0;0
"10/12/2024 19:50:00";4.5;0;0;0;0;0
"10/12/2024 19:55:00";4.4;0;0;0;0;0
"10/12/2024 20:00:00";4.4;0;0;0;0;0
"10/12/2024 20:05:00";4.5;0;0;0;0;0
"10/12/2024 20:10:00";4.3;0;0;0;0;0
"10/12/2024 20:15:00";4.4;0;0;0;0;0
"10/12/2024 20:20:00";4.5;0;0;0;0;0
"10/12/2024 20:25:00";4.5;0;0;0;0;0
"10/12/2024 20:30:00";4.7;0;0;0;0;0
"10/12/2024 20:35:00";4.5;0;0;0;0;0
"10/12/2024 20:40:00";4.5;0;0;0;0;0
"10/12/2024 20:45:00";4.4;0;0;0;0;0
"10/12/2024 20:50:00";4.5;0;0;0;0;0
"10/12/2024 20:55:00";4.6;0;0;0;0;0
"10/12/2024 21:00:00";4.6;0;0;0;0;0
"10/12/2024 21:05:00";4.5;0;0;0;0;0
"10/12/2024 21:10:00";4.6;0;0;0;0;0
"10/12/2024 21:15:00";4.5;0;NaN;0;0;0
"10/12/2024 21:20:00";4.5;0;0;0;0;0
"10/12/2024 21:25:00";4.5;0;0;0;0;0
"10/12/2024 21:30:00";4.6;6;0;0;0;0
"10/12/2024 21:35:00";4.5;0;0;0;0;0
"10/12/2024 21:40:00";4.5;0;0;0;0;0
"10/12/2024 21:45:00";4.5;0;0;0;0;0
"10/12/2024 21:50:00";4.6;0;0;0;0;0
"10/12/2024 21:55:00";4.6;0;0;0;0;0
"10/12/2024 22:00:00";4.6;0;0;0;0;0
"10/12/2024 22:05:00";4.5;0;0;0;0;0
"10/12/2024 22:10:00";4.5;0;NaN;NaN;0;0
"10/12/2024 22:15:00";4.5;0;0;0;0;0
"10/12/2024 22:20:00";4.5;0;0;0;0;0
"10/12/2024 22:25:00";4.5;0;0;0;0;0
"10/12/2024 22:30:00";4.5;0;0;0;0;0
"10/12/2024 22:35:00";4.5;0;0;0;0;0
"10/12/2024 22:40:00";4.5;0;0;0;0;0
"10/12/2024 22:45:00";4.5;0;0;0;0;0
"10/12/2024 22:50:00";4.5;0;0;0;0;0
"10/12/2024 22:55:00";4.5;0;0;0;0;0
"10/12/2024 23:00:00";4.4;0;0;0;0;0
"10/12/2024 23:05:00";4.5;0;0;0;0;0
"10/12/2024 23:10:00";4.5;0;0;0;0;0
"10/12/2024 23:15:00";4.5;0;0;0;0;0
"10/12/2024 23:20:00";4.5;0;0;0;0;0
"10/12/2024 23:25:00";4.5;0;0;0;0;0
"10/12/2024 23:30:00";4.4;0;0;0;0;0
"10/12/2024 23:35:00";4.5;0;NaN;0;0;NaN
"10/12/2024 23:40:00";4.6;0;0;0;0;0
"10/12/2024 23:45:00";4.5;0;0;0;0;0
"10/12/2024 23:50:00";4.4;0;0;0;0;0
"10/12/2024 23:55:00";4.4;0;0;NaN;0;NaN
"11/12/2024 00:00:00";4.4;0;0;0;0;0
"11/12/2024 00:05:00";4.5;0;0;0;0;0
"11/12/2024 00:10:00";4.5;0;0;0;0;0
"11/12/2024 00:15:00";4.4;0;0;0;0;0
"11/12/2024 00:20:00";4.4;0;0;0;0;0
"11/12/2024 00:25:00";4.4;0;0;0;0;0
"11/12/2024 00:30:00";4.5;NaN;0;0;0;0
"11/12/2024 00:35:00";4.3;9;0;0;0;0
"11/12/2024 00:40:00";4.4;0;0;0;0;0
"11/12/2024 00:45:00";4.4;0;0;0;0;0
"11/12/2024 00:50:00";4.4;0;0;0;0;0
"11/12/2024 00:55:00";4.5;0;0;0;0;0
"11/12/2024 01:00:00";4.3;0;0;0;0;0
"11/12/2024 01:05:00";NaN;0;0;0;0;0
"11/12/2024 01:10:00";4.4;11;0;0;0;0
"11/12/2024 01:15:00";4.4;0;0;0;0;0
"11/12/2024 01:20:00";4.4;0;0;0;0;0
"11/12/2024 01:25:00";4.3;0;0;0;0;0
"11/12/2024 01:30:00";4.2;0;0;0;0;0
"11/12/2024 01:35:00";4.3;0;0;0;0;0
"11/12/2024 01:40:00";4.3;0;0;0;0;0
"11/12/2024 01:45:00";4.3;0;0;0;0;0
"11/12/2024 01:50:00";4.3;0;0;0;0;0
"11/12/2024 01:55:00";4.3;0;0;0;0;0
"11/12/2024 02:00:00";4.3;0;0;0;0;0
"11/12/2024 02:05:00";4.3;0;0;0;0;0
"11/12/2024 02:10:00";4.3;0;0;0;0;0
"11/12/2024 02:15:00";4.3;0;0;0;0;0
"11/12/2024 02:20:00";4.4;0;0;0;0;0
"11/12/2024 02:25:00";4.3;0;0;0;0;0
"11/12/2024 02:30:00";4.3;0;0;0;0;0
"11/12/2024 02:35:00";4.3;0;0;0;0;0
"11/12/2024 02:40:00";NaN;0;NaN;0;NaN;0
"11/12/2024 02:45:00";4.3;0;0;0;0;0
"11/12/2024 02:50:00";4.4;22;0;0;0;0
"11/12/2024 02:55:00";4.3;0;0;0;0;0
"11/12/2024 03:00:00";4.3;0;0;0;0;0
"11/12/2024 03:05:00";4.2;0;0;0;0;0
"11/12/2024 03:10:00";4.3;0;0;0;0;0
"11/12/2024 03:15:00";4.2;0;0;0;0;0
"11/12/2024 03:20:00";4.3;0;0;0;0;0
"11/12/2024 03:25:00";4.1;0;0;0;0;0
"11/12/2024 03:30:00";4;0;0;0;0;0
"11/12/2024 03:35:00";4.1;0;0;0;0;0
"11/12/2024 03:40:00";4.1;0;0;0;0;0
"11/12/2024 03:45:00";4.1;0;0;0;0;0
"11/12/2024 03:50:00";4.1;0;0;0;0;0
"11/12/2024 03:55:00";4.1;0;0;0;0;0
"11/12/2024 04:00:00";4;0;0;0;0;0
"11/12/2024 04:05:00";4.1;0;0;0;NaN;0
"11/12/2024 04:10:00";4.2;0;0;0;0;0
"11/12/2024 04:15:00";4;0;0;0;0;0
"11/12/2024 04:20:00";4.1;0;0;0;0;0
"11/12/2024 04:25:00";3.9;0;0;0;0;0
"11/12/2024 04:30:00";4;0;0;0;0;0
"11/12/2024 04:35:00";3.9;0;0;0;0;0
"11/12/2024 04:40:00";3.9;0;0;0;0;0
"11/12/2024 04:45:00";4;0;0;0;0;0
"11/12/2024 04:50:00";4;0;0;0;0;0
"11/12/2024 04:55:00";4.1;0;0;0;0;NaN
"11/12/2024 05:00:00";4;0;0;0;0;0
"11/12/2024 05:05:00";3.9;0;0;0;0;0
"11/12/2024 05:10:00";4;0;0;0;NaN;0
"11/12/2024 05:15:00";3.9;0;0;0;0;0
"11/12/2024 05:20:00";3.8;0;0;0;0;0
"11/12/2024 05:25:00";3.9;0;0;0;0;0
"11/12/2024 05:30:00";3.7;0;0;0;0;0
"11/12/2024 05:35:00";3.8;0;0;0;0;0
"11/12/2024 05:40:00";3.9;0;0;0;0;0
"11/12/2024 05:45:00";3.8;0;0;0;0;0
"11/12/2024 05:50:00";3.7;0;0;0;0;0
"11/12/2024 05:55:00";3.7;0;0;0;0;0
"11/12/2024 06:00:00";3.6;0;0;0;0;0
"11/12/2024 06:05:00";3.6;0;0;0;0;0
"11/12/2024 06:10:00";3.7;0;0;0;0;0
"11/12/2024 06:15:00";3.6;0;0;0;0;NaN
"11/12/2024 06:20:00";3.6;0;0;0;0;0
"11/12/2024 06:25:00";NaN;0;0;0;NaN;0
"11/12/2024 06:30:00";3.5;0;0;0;0;0
"11/12/2024 06:35:00";3.6;0;0;0;0;0
"11/12/2024 06:40:00";3.7;0;NaN;0;0;NaN
"11/12/2024 06:45:00";3.5;0;0;0;0;0
"11/12/2024 06:50:00";3.4;0;0;0;0;0
"11/12/2024 06:55:00";3.3;0;0;0;0;0
"11/12/2024 07:00:00";3.3;0;0;0;0;0
"11/12/2024 07:05:00";3.3;0;0;0;0;0
"11/12/2024 07:10:00";3.4;0;0;0;0;0
"11/12/2024 07:15:00";3.4;0;0;0;0;0
"11/12/2024 07:20:00";NaN;0;0;0;0;0
"11/12/2024 07:25:00";3.4;0;0;0;0;0
"11/12/2024 07:30:00";3.3;0;0;0;0;0
"11/12/2024 07:35:00";3.4;0;0;0;0;0
"11/12/2024 07:40:00";3.4;0;0;0;0;0
"11/12/2024 07:45:00";3.2;0;0;0;0;0
"11/12/2024 07:50:00";3.2;0;0;0;0;0
"11/12/2024 07:55:00";3.2;0;0;0;0;0
"11/12/2024 08:00:00";3.1;0;0;0;0;0
"11/12/2024 08:05:00";3.5;0;0;0;0;0
"11/12/2024 08:10:00";3.3;0;0;0;0;0
"11/12/2024 08:15:00";3.5;0;0;0;0;0
"11/12/2024 08:20:00";3.4;0;0;0;0;0
"11/12/2024 08:25:00";3.4;0;0;0;0;0
"11/12/2024 08:30:00";3.4;0;0;0;0;0
"11/12/2024 08:35:00";3.6;0;0;0;0;0
"11/12/2024 08:40:00";3.6;0;0;0;0;0
"11/12/2024 08:45:00";3.4;0;0;0;0;0
"11/12/2024 08:50:00";3.4;0;0.1;0.1;0.1;0.1
"11/12/2024 08:55:00";3.4;0;0.1;0.1;0.1;0.1
"11/12/2024 09:00:00";3.4;0;0.1;0.1;0.1;0.1
"11/12/2024 09:05:00";3.3;0;0.2;0.2;0.1;0.2
"11/12/2024 09:10:00";3.3;0;0.2;0.2;0.2;0.2
"11/12/2024 09:15:00";NaN;0;0.3;0.3;NaN;NaN
"11/12/2024 09:20:00";3.2;0;0.3;0.3;0.2;0.3
"11/12/2024 09:25:00";3.3;0;0.3;0.3;0.3;0.3
"11/12/2024 09:30:00";3.4;0;0.4;0.4;0.3;0.4
"11/12/2024 09:35:00";3.4;0;0.4;0.4;0.3;0.4
"11/12/2024 09:40:00";3.5;0;0.4;0.4;0.4;0.4
"11/12/2024 09:45:00";3.4;0;0.4;0.4;0.3;0.4
"11/12/2024 09:50:00";3.5;0;0.4;0.4;0.3;0.4
"11/12/2024 09:55:00";3.7;NaN;0.4;0.3;0.3;0.3
"11/12/2024 10:00:00";3.7;0;0.3;0.3;0.3;0.3
"11/12/2024 10:05:00";3.5;0;0.5;0.5;0.4;0.5
"11/12/2024 10:10:00";3.6;0;0.5;0.5;0.4;0.5
"11/12/2024 10:15:00";3.5;0;0.6;0.5;0.5;0.5
"11/12/2024 10:20:00";3.5;0;0.6;0.6;0.5;0.6
"11/12/2024 10:25:00";3.5;0;0.9;0.8;0.7;0.8
"11/12/2024 10:30:00";3.5;0;1.2;1.1;1;1.1
"11/12/2024 10:35:00";3.6;0;1.3;1.2;1;1.2
"11/12/2024 10:40:00";3.4;0;1.4;1.3;1.1;1.3
"11/12/2024 10:45:00";3.3;0;0.7;0.6;0.5;0.6
"11/12/2024 10:50:00";3.5;0;1.3;1.3;1.1;1.2
"11/12/2024 10:55:00";3.5;0;1.3;1.3;1.1;1.2
"11/12/2024 11:00:00";3.6;0;1.3;1.3;1.1;1.2
"11/12/2024 11:05:00";3.6;0;1.2;1.2;1.1;1.2
"11/12/2024 11:10:00";3.6;0;1.5;1.5;1.2;1.4
"11/12/2024 11:15:00";3.8;0;1.6;1.6;1.3;1.4
"11/12/2024 11:20:00";3.7;0;1.7;1.6;1.3;1.5
"11/12/2024 11:25:00";3.3;0;1.8;1.8;1.4;1.6
"11/12/2024 11:30:00";3.3;0;1.9;1.9;1.5;1.7
"11/12/2024 11:35:00";3.6;0;2.1;2.1;1.7;2
"11/12/2024 11:40:00";3.9;0;2;2;1.7;1.9
"11/12/2024 11:45:00";4;0;2;2.1;1.8;1.9
"11/12/2024 11:50:00";3.3;0;1.9;2;1.7;1.8
"11/12/2024 11:55:00";3.9;0;2.1;2;1.7;1.9
"11/12/2024 12:00:00";4;0;2.2;2.1;1.8;2.1
"11/12/2024 12:05:00";3.8;0;2.2;NaN;1.7;2
"11/12/2024 12:10:00";4;0;2.2;2.1;1.8;2.1
"11/12/2024 12:15:00";3.7;0;2.1;2.1;1.7;2
"11/12/2024 12:20:00";3.7;0;1.9;1.8;1.5;1.8
"11/12/2024 12:25:00";3.6;0;2.4;2.3;1.9;2.2
"11/12/2024 12:30:00";3.5;NaN;2.3;2.3;1.9;2.2
"11/12/2024 12:35:00";3.5;0;2.3;2.2;1.9;2.1
"11/12/2024 12:40:00";3.4;0;2.3;2.2;1.9;2.1
"11/12/2024 12:45:00";3.3;0;2.2;2.2;1.8;2.1
"11/12/2024 12:50:00";3.5;0;2.1;2;1.7;1.9
"11/12/2024 12:55:00";3.5;0;2.1;2;1.7;1.9
"11/12/2024 13:00:00";NaN;0;NaN;NaN;1.8;NaN
"11/12/2024 13:05:00";3.4;0;2;2.1;NaN;1.9
"11/12/2024 13:10:00";3.6;0;1.9;1.8;1.5;1.7
"11/12/2024 13:15:00";3.3;NaN;1.9;1.8;1.5;1.8
"11/12/2024 13:20:00";3.6;0;1.8;1.7;1.4;1.7
"11/12/2024 13:25:00";3.7;0;1.6;1.6;1.3;1.5
"11/12/2024 13:30:00";3.9;0;1.5;NaN;1.3;1.4
"11/12/2024 13:35:00";4;0;1.4;1.4;1.1;1.3
"11/12/2024 13:40:00";3.8;0;1.3;1.3;1.1;1.3
"11/12/2024 13:45:00";3.7;0;1.4;1.3;1.1;1.3
"11/12/2024 13:50:00";3.6;0;1.6;1.4;1.2;1.4
"11/12/2024 13:55:00";3.7;0;1.4;1.3;1.1;1.3
"11/12/2024 14:00:00";3.6;0;1.6;1.5;1.2;1.5
"11/12/2024 14:05:00";NaN;0;1.5;NaN;1.3;1.4
"11/12/2024 14:10:00";3.8;NaN;1.4;1.4;1.3;1.4
"11/12/2024 14:15:00";3.9;0;1.2;1.2;1;1.1
"11/12/2024 14:20:00";4.3;0;1.1;1.1;0.9;1.1
"11/12/2024 14:25:00";3.9;0;1.1;1.1;0.9;1.1
"11/12/2024 14:30:00";3.5;0;1;1;0.8;0.9
"11/12/2024 14:35:00";3.7;0;0.8;0.8;0.7;0.8
"11/12/2024 14:40:00";3.6;0;0.8;0.8;0.7;0.8
"11/12/2024 14:45:00";3.9;0;0.9;0.8;0.7;0.8
"11/12/2024 14:50:00";3.7;0;0.8;0.8;0.7;0.8
"11/12/2024 14:55:00";3.6;0;0.8;0.8;0.7;0.8
"11/12/2024 15:00:00";3.4;0;0.7;0.7;0.6;0.7
"11/12/2024 15:05:00";3.4;0;0.6;0.6;0.5;0.6
"11/12/2024 15:10:00";3.5;0;0.5;0.5;0.5;0.5
"11/12/2024 15:15:00";3.5;0;NaN;0.5;0.4;0.5
"11/12/2024 15:20:00";3.6;0;0.5;0.5;0.4;0.4
"11/12/2024 15:25:00";3.4;0;0.4;0.4;0.3;0.4
"11/12/2024 15:30:00";3.4;0;0.4;0.4;0.3;0.4
"11/12/2024 15:35:00";3.5;0;0.4;0.3;0.3;0.3
"11/12/2024 15:40:00";3.5;0;0.3;0.3;0.2;0.3
"11/12/2024 15:45:00";3.4;0;0.2;0.2;0.2;0.2
"11/12/2024 15:50:00";3.4;0;0.2;0.2;0.2;0.2
"11/12/2024 15:55:00";3.2;0;0.2;0.2;0.1;0.2
"11/12/2024 16:00:00";3.4;0;0.1;0.1;0.1;0.1
"11/12/2024 16:05:00";3.2;0;0.1;0.1;0.1;0.1
"11/12/2024 16:10:00";3.1;0;0.1;0.1;0.1;0.1
"11/12/2024 16:15:00";3.1;0;NaN;0;0;0
"11/12/2024 16:20:00";3.1;0;0;0;0;0
"11/12/2024 16:25:00";2.9;0;0;0;0;0
"11/12/2024 16:30:00";3;0;0;0;0;0
"11/12/2024 16:35:00";3;0;0;0;0;0
"11/12/2024 16:40:00";2.7;0;0;0;0;0
"11/12/2024 16:45:00";2.4;0;0;0;0;0
"11/12/2024 16:50:00";2.4;0;0;0;0;0
"11/12/2024 16:55:00";2.3;0;0;0;0;0
"11/12/2024 17:00:00";2.8;0;0;0;0;0
"11/12/2024 17:05:00";2.5;0;0;0;0;0
"11/12/2024 17:10:00";2.4;0;0;0;0;0
"11/12/2024 17:15:00";2.5;0;0;0;0;0
"11/12/2024 17:20:00";2.6;0;NaN;0;0;0
"11/12/2024 17:25:00";2.6;0;0;0;0;0
"11/12/2024 17:30:00";2.8;0;0;0;0;0
"11/12/2024 17:35:00";2.9;0;0;0;0;0
"11/12/2024 17:40:00";2.7;0;0;0;0;0
"11/12/2024 17:45:00";2.5;0;NaN;0;0;0
"11/12/2024 17:50:00";3.3;0;0;0;0;0
"11/12/2024 17:55:00";3.5;0;0;0;0;0
"11/12/2024 18:00:00";3.6;0;0;0;0;0
"11/12/2024 18:05:00";3;0;0;0;0;0
"11/12/2024 18:10:00";2.9;0;0;0;0;0
"11/12/2024 18:15:00";3;0;0;0;0;0
"11/12/2024 18:20:00";3;0;0;0;0;0
"11/12/2024 18:25:00";2.8;0;0;0;0;0
"11/12/2024 18:30:00";2.6;0;0;0;0;0
"11/12/2024 18:35:00";2.6;0;0;0;0;0
"11/12/2024 18:40:00";2.8;0;0;0;0;0
"11/12/2024 18:45:00";2.6;0;0;0;0;0
"11/12/2024 18:50:00";2.4;0;0;0;0;0
"11/12/2024 18:55:00";2.5;0;0;0;0;0
"11/12/2024 19:00:00";2.6;0;0;0;0;0
"11/12/2024 19:05:00";2.6;0;0;0;0;0
"11/12/2024 19:10:00";2.7;0;0;0;0;0
"11/12/2024 19:15:00";2.6;0;0;0;0;0
"11/12/2024 19:20:00";2.6;0;0;0;0;0
"11/12/2024 19:25:00";2.6;0;0;0;0;0
"11/12/2024 19:30:00";2.6;0;0;0;0;0
"11/12/2024 19:35:00";2.6;0;0;0;0;0
"11/12/2024 19:40:00";2.6;0;0;0;0;0
"11/12/2024 19:45:00";3;0;0;0;0;0
"11/12/2024 19:50:00";2.7;0;0;0;0;0
"11/12/2024 19:55:00";2.8;0;0;0;0;0
"11/12/2024 20:00:00";2.7;0;0;0;0;0
"11/12/2024 20:05:00";2.7;0;0;0;0;0
"11/12/2024 20:10:00";3;0;0;0;0;0
"11/12/2024 20:15:00";3;0;0;0;NaN;0
"11/12/2024 20:20:00";3;0;0;0;0;0
"11/12/2024 20:25:00";3;0;0;0;0;0
"11/12/2024 20:30:00";3;0;0;0;0;0
"11/12/2024 20:35:00";3;0;0;0;0;0
"11/12/2024 20:40:00";2.7;0;0;0;0;0
"11/12/2024 20:45:00";2.8;0;0;0;0;0
"11/12/2024 20:50:00";2.7;0;0;0;0;0
"11/12/2024 20:55:00";2.8;0;0;0;0;0
"11/12/2024 21:00:00";2.8;0;0;0;0;0
"11/12/2024 21:05:00";2.9;0;0;0;0;0
"11/12/2024 21:10:00";2.6;0;0;0;0;0
"11/12/2024 21:15:00";2.8;0;0;0;0;0
"11/12/2024 21:20:00";2.8;0;0;0;0;0
"11/12/2024 21:25:00";3.1;0;0;0;0;0
"11/12/2024 21:30:00";2.9;0;0;0;0;0
"11/12/2024 21:35:00";2.6;0;0;0;0;0
"11/12/2024 21:40:00";2.7;7;0;0;0;0
"11/12/2024 21:45:00";2.6;NaN;0;0;0;0
"11/12/2024 21:50:00";2.7;0;0;0;0;0
"11/12/2024 21:55:00";2.6;0;0;0;0;0
"11/12/2024 22:00:00";2.7;0;0;0;0;0
"11/12/2024 22:05:00";2.8;0;0;0;0;0
"11/12/2024 22:10:00";2.6;0;0;0;0;0
"11/12/2024 22:15:00";2.6;0;0;0;0;0
"11/12/2024 22:20:00";2.4;0;0;0;0;0
"11/12/2024 22:25:00";2.4;0;0;0;0;0
"11/12/2024 22:30:00";2.4;0;0;0;0;0
"11/12/2024 22:35:00";2.4;0;0;NaN;NaN;NaN
"11/12/2024 22:40:00";2.4;0;0;0;0;0
"11/12/2024 22:45:00";2.4;0;0;0;0;0
"11/12/2024 22:50:00";2.5;0;0;0;0;0
"11/12/2024 22:55:00";2.4;NaN;0;0;0;0
"11/12/2024 23:00:00";2.5;0;0;0;0;0
"11/12/2024 23:05:00";2.4;0;0;0;0;0
"11/12/2024 23:10:00";2.4;0;0;0;0;0
"11/12/2024 23:15:00";NaN;0;0;0;0;0
"11/12/2024 23:20:00";2.3;0;0;0;0;0
"11/12/2024 23:25:00";2.4;0;0;0;0;0
"11/12/2024 23:30:00";2.4;0;0;0;0;0
"11/12/2024 23:35:00";2.5;0;0;0;0;0
"11/12/2024 23:40:00";2.5;0;0;0;0;0
"11/12/2024 23:45:00";2.5;0;0;0;0;0
"11/12/2024 23:50:00";2.5;0;0;0;0;0
"11/12/2024 23:55:00";2.4;0;0;0;0;0
"12/12/2024 00:00:00";2.5;0;0;0;0;0
"12/12/2024 00:05:00";2.6;0;0;0;0;0
"12/12/2024 00:10:00";2.8;0;0;0;0;0
"12/12/2024 00:15:00";2.8;0;0;0;0;0
"12/12/2024 00:20:00";2.8;0;0;0;0;0
"12/12/2024 00:25:00";2.6;0;0;0;0;0
"12/12/2024 00:30:00";2.6;0;0;0;0;0
"12/12/2024 00:35:00";2.5;0;0;0;0;0
"12/12/2024 00:40:00";2.6;0;0;0;0;0
"12/12/2024 00:45:00";2.4;0;0;0;0;0
"12/12/2024 00:50:00";2.4;0;0;0;0;0
"12/12/2024 00:55:00";2.4;NaN;0;0;0;0
"12/12/2024 01:00:00";2.4;0;0;0;0;0
"12/12/2024 01:05:00";2.2;0;0;0;0;0
"12/12/2024 01:10:00";2.3;0;0;0;0;0
"12/12/2024 01:15:00";2.2;0;0;0;0;0
"12/12/2024 01:20:00";2.2;0;0;0;0;0
"12/12/2024 01:25:00";2.1;0;0;0;0;0
"12/12/2024 01:30:00";2.2;0;0;0;0;0
"12/12/2024 01:35:00";2.3;0;0;0;0;0
"12/12/2024 01:40:00";2.3;0;0;0;0;0
"12/12/2024 01:45:00";2.5;0;0;0;0;0
"12/12/2024 01:50:00";2.4;0;0;0;0;0
"12/12/2024 01:55:00";2.2;0;NaN;0;0;0
"12/12/2024 02:00:00";2.3;0;0;0;0;0
"12/12/2024 02:05:00";2.2;0;0;0;0;0
"12/12/2024 02:10:00";2.2;0;0;0;0;0
"12/12/2024 02:15:00";2.2;0;0;0;0;0
"12/12/2024 02:20:00";2.2;0;0;0;0;0
"12/12/2024 02:25:00";2.2;0;0;0;0;0
"12/12/2024 02:30:00";2.2;0;0;0;0;0
"12/12/2024 02:35:00";2.2;0;0;0;0;0
"12/12/2024 02:40:00";2.3;0;0;0;0;0
"12/12/2024 02:45:00";2.2;0;0;0;0;0
"12/12/2024 02:50:00";2.2;0;0;0;0;0
"12/12/2024 02:55:00";2.4;NaN;0;0;0;0
"12/12/2024 03:00:00";2.4;0;0;0;0;0
"12/12/2024 03:05:00";2.6;0;0;0;0;0
"12/12/2024 03:10:00";2.3;0;NaN;0;0;0
"12/12/2024 03:15:00";NaN;0;0;0;0;0
"12/12/2024 03:20:00";2.3;0;0;0;0;0
"12/12/2024 03:25:00";2.5;0;0;0;0;0
"12/12/2024 03:30:00";2.3;0;0;0;0;0
"12/12/2024 03:35:00";2.4;0;0;0;0;0
"12/12/2024 03:40:00";NaN;0;0;0;0;0
"12/12/2024 03:45:00";2.3;0;NaN;NaN;0;0
"12/12/2024 03:50:00";2.3;NaN;0;0;0;0
"12/12/2024 03:55:00";2.3;0;0;0;0;0
"12/12/2024 04:00:00";2.3;0;0;0;0;0
"12/12/2024 04:05:00";2.4;0;0;0;0;0
"12/12/2024 04:10:00";2.6;0;0;0;0;0
"12/12/2024 04:15:00";2.6;0;0;0;0;0
"12/12/2024 04:20:00";2.6;NaN;0;0;0;0
"12/12/2024 04:25:00";2.6;0;0;0;0;0
"12/12/2024 04:30:00";2.8;NaN;0;0;0;0
"12/12/2024 04:35:00";2.6;0;0;0;0;0
"12/12/2024 04:40:00";2.6;0;0;0;0;0
"12/12/2024 04:45:00";2.6;0;NaN;NaN;NaN;NaN
"12/12/2024 04:50:00";2.9;0;0;0;0;0
"12/12/2024 04:55:00";2.8;0;0;0;0;0
"12/12/2024 05:00:00";2.7;0;0;0;0;0
"12/12/2024 05:05:00";2.8;0;0;0;0;0
"12/12/2024 05:10:00";2.8;0;0;0;0;0
"12/12/2024 05:15:00";2.8;0;0;0;0;0
"12/12/2024 05:20:00";2.4;0;0;0;0;0
"12/12/2024 05:25:00";2.3;0;0;0;0;0
"12/12/2024 05:30:00";2.3;0;0;0;0;0
"12/12/2024 05:35:00";NaN;0;0;0;0;NaN
"12/12/2024 05:40:00";2.4;0;0;0;0;0
"12/12/2024 05:45:00";2.3;0;0;0;0;0
"12/12/2024 05:50:00";2.3;2;0;0;0;0
"12/12/2024 05:55:00";2.4;0;0;0;0;0
"12/12/2024 06:00:00";2.4;0;0;0;0;0
"12/12/2024 06:05:00";2.3;0;0;0;0;0
"12/12/2024 06:10:00";2.3;0;0;0;0;0
"12/12/2024 06:15:00";2.4;0;0;0;0;0
"12/12/2024 06:20:00";2.4;0;0;0;0;0
"12/12/2024 06:25:00";2.6;0;0;0;0;0
"12/12/2024 06:30:00";2.7;0;0;0;0;0
"12/12/2024 06:35:00";2.8;0;0;0;0;0
"12/12/2024 06:40:00";2.7;0;0;0;0;0
"12/12/2024 06:45:00";2.9;0;0;0;0;0
"12/12/2024 06:50:00";3;0;0;0;0;0
"12/12/2024 06:55:00";3.1;0;0;0;0;0
"12/12/2024 07:00:00";3;0;0;0;0;0
"12/12/2024 07:05:00";2.8;0;0;0;0;0
"12/12/2024 07:10:00";3.1;0;0;0;0;0
"12/12/2024 07:15:00";3.2;0;0;0;0;0
"12/12/2024 07:20:00";3.1;0;0;0;0;0
"12/12/2024 07:25:00";3.2;0;0;0;0;0
"12/12/2024 07:30:00";3.2;0;0;0;0;0
"12/12/2024 07:35:00";3.3;0;0;0;0;0
"12/12/2024 07:40:00";3.3;NaN;0;0;0;0
"12/12/2024 07:45:00";3.4;0;0;0;0;0
"12/12/2024 07:50:00";3.5;0;0;0;0;0
"12/12/2024 07:55:00";3.3;0;0;0;0;0
"12/12/2024 08:00:00";3.4;0;0;0;0;0
"12/12/2024 08:05:00";3.3;0;0;0;0;0
"12/12/2024 08:10:00";NaN;0;NaN;0;0;0
"12/12/2024 08:15:00";3.3;0;0;0;0;0
"12/12/2024 08:20:00";3.3;0;0;0;0;0
"12/12/2024 08:25:00";3.4;0;0;0;0;0
"12/12/2024 08:30:00";3.5;0;0;0;0;0
"12/12/2024 08:35:00";3.5;0;0.1;0.1;0.1;0.1
"12/12/2024 08:40:00";3.4;0;0.1;0.1;0.1;0.1
"12/12/2024 08:45:00";3.4;0;0.2;0.2;0.2;0.2
"12/12/2024 08:50:00";3.4;0;0.3;0.2;0.2;0.2
"12/12/2024 08:55:00";3.4;0;0.3;0.3;0.3;0.3
"12/12/2024 09:00:00";3.5;NaN;0.4;0.4;0.4;0.4
"12/12/2024 09:05:00";3.5;0;0.6;0.5;0.5;0.5
"12/12/2024 09:10:00";3.5;0;0.7;0.7;0.6;0.7
"12/12/2024 09:15:00";3.6;0;0.8;0.8;0.7;0.7
"12/12/2024 09:20:00";3.6;0;0.8;0.8;0.7;0.8
"12/12/2024 09:25:00";3.7;0;1.1;1.1;0.8;1
"12/12/2024 09:30:00";3.8;0;1.3;1.4;1.1;1.2
"12/12/2024 09:35:00";3.7;0;1.2;1.3;1.1;1.1
"12/12/2024 09:40:00";3.8;0;1.4;1.3;1.2;1.4
"12/12/2024 09:45:00";3.9;0;1.5;1.6;1.3;1.5
"12/12/2024 09:50:00";4;0;1.7;1.6;1.4;1.6
"12/12/2024 09:55:00";3.9;0;1.8;2;1.7;1.7
"12/12/2024 10:00:00";4;0;1.8;1.9;1.6;NaN
"12/12/2024 10:05:00";4.2;0;1.7;1.8;1.5;1.6
"12/12/2024 10:10:00";4.4;0;1.7;1.7;1.4;1.6
"12/12/2024 10:15:00";4.5;0;1.9;1.8;1.5;1.7
"12/12/2024 10:20:00";4.4;0;2.1;2;1.7;2
"12/12/2024 10:25:00";4.4;0;2.2;2.1;1.7;2
"12/12/2024 10:30:00";4.4;0;2.1;2.1;1.7;1.8
"12/12/2024 10:35:00";4.4;0;1.9;1.8;1.5;1.7
"12/12/2024 10:40:00";4.5;0;2.2;2.1;1.7;2
"12/12/2024 10:45:00";4.3;0;2.4;2.4;2;2.2
"12/12/2024 10:50:00";4.4;0;2.2;2.3;1.9;2
"12/12/2024 10:55:00";4.6;0;2;2.1;1.7;1.8
"12/12/2024 11:00:00";4.4;0;2;1.9;1.6;1.8
"12/12/2024 11:05:00";4.6;0;1.8;1.8;1.5;1.8
"12/12/2024 11:10:00";4.8;0;2.1;2.1;1.7;2
"12/12/2024 11:15:00";NaN;0;2.1;2.1;1.7;2
"12/12/2024 11:20:00";4.5;0;2.1;2.1;1.8;2
"12/12/2024 11:25:00";4.3;0;1.8;1.8;1.5;1.7
"12/12/2024 11:30:00";5;0;2.2;2;1.7;2.1
"12/12/2024 11:35:00";NaN;0;NaN;NaN;NaN;NaN
"12/12/2024 11:40:00";4.3;0;2.2;2.2;1.9;2
"12/12/2024 11:45:00";4.6;0;2.3;2.3;1.9;2.2
"12/12/2024 11:50:00";4.5;0;2.5;2.5;2.1;2.3
"12/12/2024 11:55:00";4.7;0;2.5;2.3;2;2.3
"12/12/2024 12:00:00";5;0;2.3;2.5;2.1;2.3
"12/12/2024 12:05:00";4.7;0;2.5;2.4;2.2;2.5
"12/12/2024 12:10:00";4.7;0;2.6;2.5;2.3;2.7
"12/12/2024 12:15:00";4.9;0;3;2.9;2.4;2.8
"12/12/2024 12:20:00";4.5;0;2.9;2.7;2.3;2.8
"12/12/2024 12:25:00";4.8;0;2.7;2.6;2.2;2.6
"12/12/2024 12:30:00";4.8;0;2.9;2.8;2.3;2.8
"12/12/2024 12:35:00";4.7;0;NaN;2.8;2.3;2.6
"12/12/2024 12:40:00";5;0;2.3;2.4;2.1;2.2
"12/12/2024 12:45:00";5.7;0;2.2;2;1.8;2.1
"12/12/2024 12:50:00";5.6;0;2;1.8;1.7;1.9
"12/12/2024 12:55:00";5.3;0;1.6;1.5;1.4;1.6
"12/12/2024 13:00:00";5.1;0;1.5;1.5;1.2;1.4
"12/12/2024 13:05:00";5.1;0;2;2;1.6;1.9
"12/12/2024 13:10:00";4.9;0;1.8;1.8;1.6;1.8
"12/12/2024 13:15:00";4.8;0;1.6;1.5;1.4;1.5
"12/12/2024 13:20:00";4.9;0;1.6;1.5;1.3;1.6
"12/12/2024 13:25:00";4.4;0;1.5;1.5;1.3;1.4
"12/12/2024 13:30:00";4.2;0;1.5;1.4;1.2;1.4
"12/12/2024 13:35:00";4.2;0;1.5;1.4;1.2;1.4
"12/12/2024 13:40:00";4.3;0;1.5;1.4;1.2;1.4
"12/12/2024 13:45:00";4.3;0;1.5;1.4;1.2;1.4
"12/12/2024 13:50:00";4.2;0;NaN;1.4;NaN;NaN
"12/12/2024 13:55:00";4;0;1.2;1.2;1;1.1
"12/12/2024 14:00:00";3.9;0;1.2;1.2;1;1.1
"12/12/2024 14:05:00";4;0;1;1.1;0.8;1
"12/12/2024 14:10:00";4;0;1.1;1.1;0.8;1
"12/12/2024 14:15:00";4;0;1.1;1.1;0.9;1
"12/12/2024 14:20:00";4.2;0;1;1;0.8;0.9
"12/12/2024 14:25:00";4.1;0;0.8;0.9;0.8;0.8
"12/12/2024 14:30:00";4.4;0;0.8;0.8;0.7;0.8
"12/12/2024 14:35:00";4.4;0;0.8;0.8;0.7;0.7
"12/12/2024 14:40:00";4.1;0;0.7;0.7;0.6;0.7
"12/12/2024 14:45:00";4;0;0.7;0.7;0.6;0.7
"12/12/2024 14:50:00";4;NaN;0.7;0.8;0.6;0.7
"12/12/2024 14:55:00";4;0;0.6;0.6;0.5;0.6
"12/12/2024 15:00:00";4.1;0;0.6;0.5;0.5;0.5
"12/12/2024 15:05:00";NaN;0;NaN;NaN;0.4;NaN
"12/12/2024 15:10:00";3.9;0;0.5;0.5;0.4;0.4
"12/12/2024 15:15:00";4;0;0.4;0.4;0.4;0.4
"12/12/2024 15:20:00";4.1;0;0.3;0.3;0.3;0.3
"12/12/2024 15:25:00";4.2;0;0.3;0.3;0.2;0.2
"12/12/2024 15:30:00";4.2;0;0.2;0.2;0.2;0.2
"12/12/2024 15:35:00";4.1;0;0.2;0.2;0.2;0.2
"12/12/2024 15:40:00";4;0;0.2;0.2;0.2;0.2
"12/12/2024 15:45:00";4.1;0;0.2;0.2;0.1;0.2
"12/12/2024 15:50:00";4;0;0.1;0.1;0.1;0.1
"12/12/2024 15:55:00";4.1;NaN;0.1;0.1;0.1;0.1
"12/12/2024 16:00:00";3.9;0;NaN;0.1;0.1;NaN
"12/12/2024 16:05:00";4.1;0;0;0;0;0
"12/12/2024 16:10:00";4.1;0;0;0;0;0
"12/12/2024 16:15:00";4.1;0;0;0;0;0
"12/12/2024 16:20:00";4;0;0;0;0;0
"12/12/2024 16:25:00";NaN;0;0;NaN;NaN;0
"12/12/2024 16:30:00";4.3;0;0;0;0;0
"12/12/2024 16:35:00";4.3;0;0;0;0;0
"12/12/2024 16:40:00";4.1;0;0;0;0;0
"12/12/2024 16:45:00";4.3;0;0;0;0;0
"12/12/2024 16:50:00";4.4;0;0;0;0;0
"12/12/2024 16:55:00";4;0;0;0;0;0
"12/12/2024 17:00:00";4;0;0;0;0;0
"12/12/2024 17:05:00";3.9;0;0;0;0;0
"12/12/2024 17:10:00";NaN;0;NaN;0;0;0
"12/12/2024 17:15:00";4.2;0;0;0;0;0
"12/12/2024 17:20:00";3.9;0;0;0;0;0
"12/12/2024 17:25:00";4;0;0;0;0;0
"12/12/2024 17:30:00";4;0;0;0;0;0
"12/12/2024 17:35:00";3.7;0;0;0;0;0
"12/12/2024 17:40:00";3.9;0;0;0;0;0
"12/12/2024 17:45:00";3.7;0;0;0;0;0
"12/12/2024 17:50:00";3.9;0;0;0;0;0
"12/12/2024 17:55:00";3.7;0;0;0;0;0
"12/12/2024 18:00:00";3.7;0;0;0;0;0
"12/12/2024 18:05:00";3.8;0;0;0;0;0
"12/12/2024 18:10:00";3.9;0;0;0;0;0
"12/12/2024 18:15:00";NaN;0;NaN;0;0;NaN
"12/12/2024 18:20:00";3.7;0;0;0;0;0
"12/12/2024 18:25:00";3.7;0;0;0;0;0
"12/12/2024 18:30:00";3.7;0;0;0;0;0
"12/12/2024 18:35:00";3.7;0;0;0;0;0
"12/12/2024 18:40:00";3.7;0;0;NaN;0;0
"12/12/2024 18:45:00";3.8;0;0;0;0;0
"12/12/2024 18:50:00";3.7;0;0;0;0;0
"12/12/2024 18:55:00";3.6;0;NaN;0;0;0
"12/12/2024 19:00:00";3.8;0;0;0;0;0
"12/12/2024 19:05:00";3.7;0;0;0;0;0
"12/12/2024 19:10:00";3.6;0;NaN;0;0;0
"12/12/2024 19:15:00";3.7;0;0;0;0;0
"12/12/2024 19:20:00";3.7;0;0;0;0;0
"12/12/2024 19:25:00";3.8;0;0;0;0;0
"12/12/2024 19:30:00";3.6;0;0;0;0;0
"12/12/2024 19:35:00";3.6;0;0;0;0;0
"12/12/2024 19:40:00";3.6;0;0;0;0;0
"12/12/2024 19:45:00";3.6;0;0;0;NaN;0
"12/12/2024 19:50:00";3.6;0;0;0;0;0
"12/12/2024 19:55:00";3.6;0;0;0;0;0
"12/12/2024 20:00:00";3.6;0;0;0;0;0
"12/12/2024 20:05:00";3.7;0;0;0;0;0
"12/12/2024 20:10:00";3.7;0;0;0;0;0
"12/12/2024 20:15:00";3.7;0;0;0;0;0
"12/12/2024 20:20:00";3.6;0;0;0;0;0
"12/12/2024 20:25:00";3.7;0;0;0;0;0
"12/12/2024 20:30:00";3.7;0;0;0;NaN;NaN
"12/12/2024 20:35:00";3.6;0;0;0;0;0
"12/12/2024 20:40:00";3.6;0;0;0;0;0
"12/12/2024 20:45:00";3.5;0;0;0;0;0
"12/12/2024 20:50:00";3.5;0;NaN;0;NaN;0
"12/12/2024 20:55:00";3.6;0;0;0;0;0
"12/12/2024 21:00:00";3.6;0;0;0;0;0
"12/12/2024 21:05:00";3.6;0;0;0;0;0
"12/12/2024 21:10:00";3.6;0;0;0;0;0
"12/12/2024 21:15:00";3.6;0;0;0;0;0
"12/12/2024 21:20:00";3.5;0;0;0;0;0
"12/12/2024 21:25:00";3.5;0;0;0;0;0
"12/12/2024 21:30:00";3.6;0;0;0;0;0
"12/12/2024 21:35:00";3.4;0;0;0;0;0
"12/12/2024 21:40:00";3.4;0;0;0;0;0
"12/12/2024 21:45:00";3.5;0;0;0;NaN;0
"12/12/2024 21:50:00";3.5;0;0;0;0;0
"12/12/2024 21:55:00";3.5;0;0;0;0;NaN
"12/12/2024 22:00:00";3.6;0;0;0;NaN;0
"12/12/2024 22:05:00";3.5;0;0;0;0;0
"12/12/2024 22:10:00";3.4;0;0;0;0;0
"12/12/2024 22:15:00";3.4;0;0;0;0;0
"12/12/2024 22:20:00";3.5;0;0;0;0;0
"12/12/2024 22:25:00";3.3;0;0;0;0;0
"12/12/2024 22:30:00";3.2;0;0;0;0;0
"12/12/2024 22:35:00";3.2;NaN;0;0;0;0
"12/12/2024 22:40:00";3.2;0;0;0;0;0
"12/12/2024 22:45:00";3.1;0;0;0;0;0
"12/12/2024 22:50:00";3.2;0;0;0;0;0
"12/12/2024 22:55:00";3.2;0;0;0;0;0
"12/12/2024 23:00:00";NaN;0;NaN;NaN;NaN;0
"12/12/2024 23:05:00";3.2;0;0;0;0;0
"12/12/2024 23:10:00";3.2;0;0;0;NaN;NaN
"12/12/2024 23:15:00";NaN;0;0;0;0;0
"12/12/2024 23:20:00";3.2;0;0;0;0;0
"12/12/2024 23:25:00";3.4;0;0;0;0;0
"12/12/2024 23:30:00";3.1;0;0;0;0;0
"12/12/2024 23:35:00";3.2;0;0;0;0;0
"12/12/2024 23:40:00";3.2;0;0;0;0;0
"12/12/2024 23:45:00";3.2;0;0;0;0;0
"12/12/2024 23:50:00";3.1;0;0;0;0;0
"12/12/2024 23:55:00";3.1;0;0;0;0;0
"13/12/2024 00:00:00";3.2;0;0;0;0;0
"13/12/2024 00:05:00";3.2;0;0;0;0;0
"13/12/2024 00:10:00";3.2;0;0;0;0;0
"13/12/2024 00:15:00";3.1;0;0;0;0;0
"13/12/2024 00:20:00";3.1;0;0;0;0;0
"13/12/2024 00:25:00";3.2;0;0;0;0;0
"13/12/2024 00:30:00";3.2;1;0;0;0;0
"13/12/2024 00:35:00";3.2;0;0;0;0;0
"13/12/2024 00:40:00";3.2;0;0;0;0;0
"13/12/2024 00:45:00";3.1;0;0;0;0;0
"13/12/2024 00:50:00";3.1;0;0;0;0;0
"13/12/2024 00:55:00";3.1;0;0;0;0;0
"13/12/2024 01:00:00";3.2;0;0;0;0;0
"13/12/2024 01:05:00";3.2;0;0;0;0;0
"13/12/2024 01:10:00";3.1;0;0;0;0;0
"13/12/2024 01:15:00";3;0;0;0;0;0
"13/12/2024 01:20:00";NaN;0;NaN;NaN;0;NaN
"13/12/2024 01:25:00";3.1;0;0;0;0;0
"13/12/2024 01:30:00";3;0;0;0;0;0
"13/12/2024 01:35:00";2.9;NaN;0;0;0;0
"13/12/2024 01:40:00";3;0;0;0;0;0
"13/12/2024 01:45:00";3;NaN;0;0;0;0
"13/12/2024 01:50:00";2.9;0;0;0;0;0
"13/12/2024 01:55:00";2.9;0;0;0;0;0
"13/12/2024 02:00:00";3;0;0;0;0;0
"13/12/2024 02:05:00";3;0;0;0;0;0
"13/12/2024 02:10:00";3;0;0;0;0;0
"13/12/2024 02:15:00";3;0;0;0;0;0
"13/12/2024 02:20:00";2.9;0;0;0;0;0
"13/12/2024 02:25:00";2.8;0;0;0;0;0
"13/12/2024 02:30:00";NaN;0;0;0;0;NaN
"13/12/2024 02:35:00";2.8;0;0;0;0;0
"13/12/2024 02:40:00";2.9;0;0;0;0;0
"13/12/2024 02:45:00";2.9;0;0;0;0;0
"13/12/2024 02:50:00";2.8;0;0;0;0;0
"13/12/2024 02:55:00";2.8;0;0;0;0;0
"13/12/2024 03:00:00";2.7;0;0;0;0;0
"13/12/2024 03:05:00";2.8;0;0;0;0;0
"13/12/2024 03:10:00";2.8;0;0;0;0;0
"13/12/2024 03:15:00";NaN;0;0;NaN;0;0
"13/12/2024 03:20:00";2.8;0;0;0;0;0
"13/12/2024 03:25:00";2.6;0;0;0;0;0
"13/12/2024 03:30:00";2.7;0;0;0;0;0
"13/12/2024 03:35:00";2.6;0;0;0;0;0
"13/12/2024 03:40:00";2.6;0;0;0;0;0
"13/12/2024 03:45:00";2.7;0;0;0;0;0
"13/12/2024 03:50:00";2.6;0;0;0;0;0
"13/12/2024 03:55:00";2.6;0;0;0;0;0
"13/12/2024 04:00:00";2.6;NaN;0;0;0;0
"13/12/2024 04:05:00";2.6;0;0;0;0;0
"13/12/2024 04:10:00";2.4;0;0;0;0;0
"13/12/2024 04:15:00";2.4;0;0;0;0;0
"13/12/2024 04:20:00";2.5;0;0;0;0;0
"13/12/2024 04:25:00";2.6;0;0;0;0;0
"13/12/2024 04:30:00";2.4;0;0;0;0;0
"13/12/2024 04:35:00";2.6;0;0;0;0;0
"13/12/2024 04:40:00";2.2;0;0;0;0;NaN
"13/12/2024 04:45:00";2.1;0;0;0;0;0
"13/12/2024 04:50:00";2.2;0;0;0;0;0
"13/12/2024 04:55:00";NaN;0;0;0;0;0
"13/12/2024 05:00:00";2.5;0;0;0;0;0
"13/12/2024 05:05:00";2.2;0;0;0;0;0
"13/12/2024 05:10:00";2.2;0;0;0;0;0
"13/12/2024 05:15:00";2.4;0;0;0;0;0
"13/12/2024 05:20:00";2.7;0;0;0;0;0
"13/12/2024 05:25:00";2.5;0;0;0;0;0
"13/12/2024 05:30:00";2.5;0;0;0;0;0
"13/12/2024 05:35:00";2.4;0;0;0;0;0
"13/12/2024 05:40:00";2.4;0;0;0;0;0
"13/12/2024 05:45:00";2.5;0;0;0;0;0
"13/12/2024 05:50:00";2.4;0;0;0;0;0
"13/12/2024 05:55:00";NaN;0;0;0;0;0
"13/12/2024 06:00:00";2.4;0;0;0;0;0
"13/12/2024 06:05:00";2.3;0;0;0;0;NaN
"13/12/2024 06:10:00";2.3;0;0;0;0;0
"13/12/2024 06:15:00";2.2;0;0;0;0;0
"13/12/2024 06:25:00";2.1;0;0;0;0;0
"13/12/2024 06:30:00";2.1;0;0;0;0;0
"13/12/2024 06:35:00";2.1;0;0;0;0;0
"13/12/2024 06:40:00";2.2;0;0;0;0;0
"13/12/2024 06:45:00";2.4;NaN;0;0;0;0
"13/12/2024 06:50:00";2.3;0;0;0;0;0
"13/12/2024 06:55:00";2.3;0;0;0;0;NaN
"13/12/2024 07:00:00";2.2;0;0;0;0;0
"13/12/2024 07:05:00";2.2;NaN;0;0;0;0
"13/12/2024 07:10:00";2.3;NaN;0;NaN;NaN;0
"13/12/2024 07:15:00";NaN;0;0;NaN;0;0
"13/12/2024 07:20:00";2.3;0;0;0;0;0
"13/12/2024 07:25:00";NaN;0;0;0;NaN;0
"13/12/2024 07:30:00";2.4;0;0;0;0;0
"13/12/2024 07:35:00";2.4;0;0;0;0;0
"13/12/2024 07:40:00";2.3;0;0;0;0;0
"13/12/2024 07:45:00";NaN;0;0;0;0;0
"13/12/2024 07:50:00";2.2;0;0;NaN;NaN;NaN
"13/12/2024 07:55:00";NaN;0;NaN;0;0;0
"13/12/2024 08:00:00";2;0;0;0;0;0
"13/12/2024 08:05:00";2;0;0;0;0;0
"13/12/2024 08:10:00";NaN;0;0;0;0;0
"13/12/2024 08:15:00";2.2;NaN;0;0;0;0
"13/12/2024 08:20:00";2.3;NaN;0;NaN;0;0
"13/12/2024 08:25:00";2.1;0;0;0;0;0
"13/12/2024 08:30:00";1.9;0;0;0;NaN;0
"13/12/2024 08:35:00";2.2;0;0;0;NaN;0
"13/12/2024 08:40:00";2;0;0;0;NaN;0
"13/12/2024 08:45:00";NaN;NaN;0.1;NaN;0;0.1
"13/12/2024 08:50:00";1.8;0;0.1;0.1;0.1;0.1
"13/12/2024 08:55:00";1.8;0;0.1;NaN;0.1;NaN
"13/12/2024 09:00:00";1.9;0;0.2;0.2;0.1;NaN
"13/12/2024 09:05:00";1.9;0;0.2;0.2;0.2;0.2
"13/12/2024 09:10:00";1.8;0;0.3;NaN;0.2;0.3
"13/12/2024 09:15:00";1.7;0;0.4;0.3;0.3;0.3
"13/12/2024 09:20:00";1.7;0;0.4;0.4;0.3;NaN
"13/12/2024 09:25:00";1.7;0;0.4;NaN;0.4;0.4
"13/12/2024 09:30:00";NaN;0;0.5;0.5;NaN;0.5
"13/12/2024 09:35:00";2;0;0.6;0.6;0.5;0.6
"13/12/2024 09:40:00";2.1;0;0.8;0.8;0.7;0.8
"13/12/2024 09:45:00";2;0;0.8;0.8;0.7;0.8
"13/12/2024 09:50:00";1.9;0;1;0.9;0.8;0.9
"13/12/2024 09:55:00";1.8;0;1;1;0.8;0.9
"13/12/2024 10:00:00";2;0;1;1;0.8;1
"13/12/2024 10:05:00";2;0;1.1;1.1;1;1.1
"13/12/2024 10:10:00";2;0;1.2;1.2;1.1;1.2
"13/12/2024 10:15:00";2.1;NaN;1.3;1.3;1.1;1.3
"13/12/2024 10:20:00";2.1;0;1.4;1.4;1.1;1.3
"13/12/2024 10:25:00";1.9;0;1.4;1.4;1.1;1.3
"13/12/2024 10:30:00";1.9;0;1.5;1.4;1.1;1.4
"13/12/2024 10:35:00";2;0;1.4;1.4;1.1;1.3
"13/12/2024 10:40:00";2.1;0;1.6;1.6;1.4;1.6
"13/12/2024 10:45:00";2.1;0;1.8;1.8;1.5;1.7
"13/12/2024 10:50:00";2;0;1.9;1.9;1.6;1.8
"13/12/2024 10:55:00";1.8;0;2;2;1.7;1.9
"13/12/2024 11:00:00";1.8;0;2.2;2.2;1.8;2.2
"13/12/2024 11:05:00";1.8;0;2.3;2.3;1.9;2.1
"13/12/2024 11:10:00";2;0;2.6;2.6;2.2;2.3
"13/12/2024 11:15:00";1.7;0;2.7;2.8;2.3;2.6
"13/12/2024 11:20:00";1.5;0;3;2.9;2.4;2.8
"13/12/2024 11:25:00";1.4;0;2.7;2.7;2.2;2.5
"13/12/2024 11:30:00";1.5;0;2.8;2.8;2.3;2.6
"13/12/2024 11:35:00";1.9;0;2.8;2.7;2.3;2.6
"13/12/2024 11:40:00";1.8;0;2.9;2.8;2.3;2.7
"13/12/2024 11:45:00";2.1;0;2.9;2.9;2.3;2.7
"13/12/2024 11:50:00";1.6;0;2.9;2.9;2.4;2.7
"13/12/2024 11:55:00";1.8;0;2.9;2.9;2.5;2.7
"13/12/2024 12:00:00";2;0;3;3.2;2.8;3
"13/12/2024 12:05:00";1.7;0;3.4;3.4;3;3.3
"13/12/2024 12:10:00";1.7;0;3.7;3.8;3.2;3.6
"13/12/2024 12:15:00";1.9;0;3.8;3.8;3.1;3.6
"13/12/2024 12:20:00";1.9;0;3.8;3.7;3;3.5
"13/12/2024 12:25:00";2;0;3.8;3.8;3.1;3.5
"13/12/2024 12:30:00";1.6;0;4;4;3.3;3.7
"13/12/2024 12:35:00";1.9;0;4.1;4.2;3.4;3.8
"13/12/2024 12:40:00";1.9;0;4.2;4.1;3.5;4
"13/12/2024 12:45:00";1.5;0;4;3.8;3.3;3.7
"13/12/2024 12:50:00";1.9;0;3.7;3.8;3.3;3.6
"13/12/2024 12:55:00";1.9;0;3.6;3.6;3;3.4
"13/12/2024 13:00:00";1.7;0;3.7;3.6;3;3.5
"13/12/2024 13:05:00";1.4;0;3.5;3.5;3;3.3
"13/12/2024 13:10:00";1.7;0;3.6;3.6;3.1;3.5
"13/12/2024 13:15:00";1.3;0;3.6;3.6;3;3.4
"13/12/2024 13:20:00";1.4;0;3.3;3.2;2.7;3
"13/12/2024 13:25:00";1.5;0;3.3;3.3;2.8;3.1
"13/12/2024 13:30:00";1.7;0;3.3;3.2;2.7;3
"13/12/2024 13:35:00";1.7;0;3.1;3.2;2.7;2.9
"13/12/2024 13:40:00";1.5;0;3.3;3.4;3;3.2
"13/12/2024 13:45:00";1.4;0;3.5;3.7;3.2;3.5
"13/12/2024 13:50:00";1.5;0;3.8;3.8;3.2;3.6
"13/12/2024 13:55:00";1.4;0;3.5;3.5;3;3.4
"13/12/2024 14:00:00";1.4;0;3.3;3.4;2.8;3
"13/12/2024 14:05:00";1.4;0;3.1;3;2.3;2.7
"13/12/2024 14:10:00";1.3;0;2.8;2.8;2.3;2.5
"13/12/2024 14:15:00";1.1;0;2.4;2.3;1.9;2.2
"13/12/2024 14:20:00";1.1;0;2.2;2.2;1.8;2
"13/12/2024 14:25:00";1.3;0;2.1;2.1;1.7;1.9
"13/12/2024 14:30:00";1.2;0;1.9;1.8;1.5;1.7
"13/12/2024 14:35:00";1.2;0;1.8;1.8;1.5;1.7
"13/12/2024 14:40:00";1.2;0;1.8;1.7;1.4;1.6
"13/12/2024 14:45:00";1.5;0;1.4;1.4;1.2;1.3
"13/12/2024 14:50:00";1.4;0;1.4;1.4;1.1;1.3
"13/12/2024 14:55:00";1.2;0;1.3;1.2;1.1;1.2
"13/12/2024 15:00:00";1.9;0;1.1;1.1;1;1.1
"13/12/2024 15:05:00";1.5;0;1.1;1.1;1;1.1
"13/12/2024 15:10:00";1.4;0;1.1;1.1;1;1.1
"13/12/2024 15:15:00";1.4;0;1;1;0.8;0.9
"13/12/2024 15:20:00";1.5;0;0.8;0.8;0.7;0.8
"13/12/2024 15:25:00";1.5;0;0.7;0.7;0.6;0.7
"13/12/2024 15:30:00";1.3;0;0.7;0.7;0.5;0.6
"13/12/2024 15:35:00";1;0;0.5;0.5;0.5;0.5
"13/12/2024 15:40:00";1.1;1;0.4;0.4;0.4;0.4
"13/12/2024 15:45:00";1.2;0;0.4;0.4;0.3;0.4
"13/12/2024 15:50:00";1.4;0;0.3;0.3;0.2;0.3
"13/12/2024 15:55:00";1.5;0;0.2;0.2;0.2;0.2
"13/12/2024 16:00:00";1.4;0;0.2;0.2;0.1;0.2
"13/12/2024 16:05:00";1.6;0;0.1;0.1;0.1;0.1
"13/12/2024 16:10:00";1.5;0;0.1;0.1;0.1;0.1
"13/12/2024 16:15:00";1.1;0;0.1;0.1;0;0
"13/12/2024 16:20:00";1.1;0;0;0;0;0
"13/12/2024 16:25:00";1.2;0;0;0;0;0
"13/12/2024 16:30:00";1.2;0;0;0;0;0
"13/12/2024 16:35:00";1.3;0;0;0;0;0
"13/12/2024 16:40:00";1.5;0;0;0;0;0
"13/12/2024 16:45:00";1;0;0;0;0;0
"13/12/2024 16:50:00";1.3;0;0;0;0;0
"13/12/2024 16:55:00";1.4;0;0;0;0;0
"13/12/2024 17:00:00";1;0;0;0;0;0
"13/12/2024 17:05:00";0.5;0;0;0;0;0
"13/12/2024 17:10:00";0.6;0;0;0;0;0
"13/12/2024 17:15:00";0.7;0;0;0;0;0
"13/12/2024 17:20:00";0.7;0;0;0;0;0
"13/12/2024 17:25:00";0.5;0;0;0;0;0
"13/12/2024 17:30:00";0.4;0;0;0;0;0
"13/12/2024 17:35:00";0.5;0;0;0;0;0
"13/12/2024 17:40:00";0.6;0;0;0;0;0
"13/12/2024 17:45:00";0.4;0;0;0;0;0
"13/12/2024 17:50:00";0.4;0;0;0;0;0
"13/12/2024 17:55:00";0.4;0;0;0;0;0
"13/12/2024 18:00:00";0.5;0;0;0;0;0
"13/12/2024 18:05:00";0.5;0;0;0;0;0
"13/12/2024 18:10:00";0.7;0;0;0;0;0
"13/12/2024 18:15:00";0.7;0;0;0;0;0
"13/12/2024 18:20:00";0.6;0;0;0;0;0
"13/12/2024 18:25:00";1.2;0;0;0;0;0
"13/12/2024 18:30:00";0.9;0;0;0;0;0
"13/12/2024 18:35:00";0.7;0;0;0;0;0
"13/12/2024 18:40:00";0.5;0;0;0;0;0
"13/12/2024 18:45:00";0.8;0;0;0;0;0
"13/12/2024 18:50:00";0.7;0;0;0;0;0
"13/12/2024 18:55:00";0.8;0;0;0;0;0
"13/12/2024 19:00:00";0.7;0;0;0;0;0
"13/12/2024 19:05:00";0.9;0;0;0;0;0
"13/12/2024 19:10:00";0.8;0;0;0;0;0
"13/12/2024 19:15:00";0.9;0;0;0;0;0
"13/12/2024 19:20:00";0.8;0;0;0;0;0
"13/12/2024 19:25:00";0.9;0;0;0;0;0
"13/12/2024 19:30:00";1;0;0;0;0;0
"13/12/2024 19:35:00";0.9;0;0;0;0;0
"13/12/2024 19:40:00";1.3;0;0;0;0;0
"13/12/2024 19:45:00";1;0;0;0;0;0
"13/12/2024 19:50:00";1.1;0;0;0;0;0
"13/12/2024 19:55:00";0.9;0;0;0;0;0
"13/12/2024 20:00:00";1.2;0;0;0;0;0
"13/12/2024 20:05:00";1.2;0;0;0;0;0
"13/12/2024 20:10:00";1.2;0;0;0;0;0
"13/12/2024 20:15:00";0.9;0;0;0;0;0
"13/12/2024 20:20:00";1;0;0;0;0;0
"13/12/2024 20:25:00";1.2;0;0;0;0;0
"13/12/2024 20:30:00";1.1;0;0;0;0;0
"13/12/2024 20:35:00";1.5;0;0;0;0;0
"13/12/2024 20:40:00";1.5;0;0;0;0;0
"13/12/2024 20:45:00";1.5;0;0;0;0;0
"13/12/2024 20:50:00";1.3;0;0;0;0;0
"13/12/2024 20:55:00";1.3;0;0;0;0;0
"13/12/2024 21:00:00";1.3;0;0;0;0;0
"13/12/2024 21:05:00";1.3;0;0;0;0;0
"13/12/2024 21:10:00";1.7;0;0;0;0;0
"13/12/2024 21:15:00";1.8;0;0;0;0;0
"13/12/2024 21:20:00";1.3;0;0;0;0;0
"13/12/2024 21:25:00";1.4;0;0;0;0;0
"13/12/2024 21:30:00";1.3;2;0;0;0;0
"13/12/2024 21:35:00";1.3;0;0;0;0;0
"13/12/2024 21:40:00";1.5;0;0;0;0;0
"13/12/2024 21:45:00";1.8;0;0;0;0;0
"13/12/2024 21:50:00";1.9;0;0;0;0;0
"13/12/2024 21:55:00";1.7;0;0;0;0;0
"13/12/2024 22:00:00";1.6;0;0;0;0;0
"13/12/2024 22:05:00";1.5;0;0;0;0;0
"13/12/2024 22:10:00";1.3;0;0;0;0;0
"13/12/2024 22:15:00";1.2;0;0;0;0;0
"13/12/2024 22:20:00";1.6;0;0;0;0;0
"13/12/2024 22:25:00";1.8;0;0;0;0;0
"13/12/2024 22:30:00";1.5;0;0;0;0;0
"13/12/2024 22:35:00";1.5;0;0;0;0;0
"13/12/2024 22:40:00";1.3;2;0;0;0;0
"13/12/2024 22:45:00";1.5;0;0;0;0;0
"13/12/2024 22:50:00";1.7;0;0;0;0;0
"13/12/2024 22:55:00";1.7;0;0;0;0;0
"13/12/2024 23:00:00";1.7;0;0;0;0;0
"13/12/2024 23:05:00";1.6;0;0;0;0;0
"13/12/2024 23:10:00";1.6;0;0;0;0;0
"13/12/2024 23:15:00";1.9;0;0;0;0;0
"13/12/2024 23:20:00";1.9;0;0;0;0;0
"13/12/2024 23:25:00";1.8;0;0;0;0;0
"13/12/2024 23:30:00";2;0;0;0;0;0
"13/12/2024 23:35:00";1.7;0;0;0;0;0
"13/12/2024 23:40:00";1.9;7;0;0;0;0
"13/12/2024 23:45:00";1.8;0;0;0;0;0
"13/12/2024 23:50:00";1.8;0;0;0;0;0
"13/12/2024 23:55:00";1.9;0;0;0;0;0
"14/12/2024 00:00:00";2.1;0;0;0;0;0
"14/12/2024 00:05:00";2.2;0;0;0;0;0
"14/12/2024 00:10:00";1.9;0;0;0;0;0
"14/12/2024 00:15:00";1.8;20;0;0;0;0
"14/12/2024 00:20:00";1.7;0;0;0;0;0
"14/12/2024 00:25:00";1.5;0;0;0;0;0
"14/12/2024 00:30:00";1.5;0;0;0;0;0
"14/12/2024 00:35:00";1.4;0;0;0;0;0
"14/12/2024 00:40:00";1.3;0;0;0;0;0
"14/12/2024 00:45:00";1.4;0;0;0;0;0
"14/12/2024 00:50:00";1.4;0;0;0;0;0
"14/12/2024 00:55:00";1.5;0;0;0;0;0
"14/12/2024 01:00:00";1.5;0;0;0;0;0
"14/12/2024 01:05:00";1.7;0;0;0;0;0
"14/12/2024 01:10:00";1.6;0;0;0;0;0
"14/12/2024 01:15:00";1.7;0;0;0;0;0
"14/12/2024 01:20:00";1.6;0;0;0;0;0
"14/12/2024 01:25:00";1.2;0;0;0;0;0
"14/12/2024 01:30:00";1.1;0;0;0;0;0
"14/12/2024 01:35:00";1.3;0;0;0;0;0
"14/12/2024 01:40:00";1.3;0;0;0;0;0
"14/12/2024 01:45:00";1.5;0;0;0;0;0
"14/12/2024 01:50:00";1.4;0;0;0;0;0
"14/12/2024 01:55:00";1.1;0;0;0;0;0
"14/12/2024 02:00:00";1.2;0;0;0;0;0
"14/12/2024 02:05:00";1.2;0;0;0;0;0
"14/12/2024 02:10:00";1.1;0;0;0;0;0
"14/12/2024 02:15:00";1.3;0;0;0;0;0
"14/12/2024 02:20:00";1.1;0;0;0;0;0
"14/12/2024 02:25:00";1;0;0;0;0;0
"14/12/2024 02:30:00";1.1;0;0;0;0;0
"14/12/2024 02:35:00";1.2;0;0;0;0;0
"14/12/2024 02:40:00";1.3;0;0;0;0;0
"14/12/2024 02:45:00";1.1;0;0;0;0;0
"14/12/2024 02:50:00";1.3;0;0;0;0;0
"14/12/2024 02:55:00";1.4;0;0;0;0;0
"14/12/2024 03:00:00";1.4;0;0;0;0;0
"14/12/2024 03:05:00";1.6;0;0;0;0;0
"14/12/2024 03:10:00";1.3;0;0;0;0;0
"14/12/2024 03:15:00";1.1;0;0;0;0;0
"14/12/2024 03:20:00";1.5;0;0;0;0;0
"14/12/2024 03:25:00";1.3;0;0;0;0;0
"14/12/2024 03:30:00";1.3;0;0;0;0;0
"14/12/2024 03:35:00";1;0;0;0;0;0
"14/12/2024 03:40:00";0.9;0;0;0;0;0
"14/12/2024 03:45:00";0.8;0;0;0;0;0
"14/12/2024 03:50:00";1;0;0;0;0;0
"14/12/2024 03:55:00";1;0;0;0;0;0
"14/12/2024 04:00:00";1.4;0;0;0;0;0
"14/12/2024 04:05:00";1.6;0;0;0;0;0
"14/12/2024 04:10:00";1.1;0;0;0;0;0
"14/12/2024 04:15:00";1.4;0;0;0;0;0
"14/12/2024 04:20:00";1.4;0;0;0;0;0
"14/12/2024 04:25:00";1;0;0;0;0;0
"14/12/2024 04:30:00";1;0;0;0;0;0
"14/12/2024 04:35:00";1.2;0;0;0;0;0
"14/12/2024 04:40:00";1.1;0;0;0;0;0
"14/12/2024 04:45:00";1.1;0;0;0;0;0
"14/12/2024 04:50:00";1.3;0;0;0;0;0
"14/12/2024 04:55:00";0.9;0;0;0;0;0
"14/12/2024 05:00:00";1.1;0;0;0;0;0
"14/12/2024 05:05:00";0.7;0;0;0;0;0
"14/12/2024 05:10:00";0.7;0;0;0;0;0
"14/12/2024 05:15:00";1.1;0;0;0;0;0
"14/12/2024 05:20:00";1.4;0;0;0;0;0
"14/12/2024 05:25:00";1;0;0;0;0;0
"14/12/2024 05:30:00";1.1;0;0;0;0;0
"14/12/2024 05:35:00";1.1;0;0;0;0;0
"14/12/2024 05:40:00";1.5;0;0;0;0;0
"14/12/2024 05:45:00";1.4;0;0;0;0;0
"14/12/2024 05:50:00";1.5;0;0;0;0;0
"14/12/2024 05:55:00";1.2;0;0;0;0;0
"14/12/2024 06:00:00";1.1;0;0;0;0;0
"14/12/2024 06:05:00";1.1;0;0;0;0;0
"14/12/2024 06:10:00";1.3;0;0;0;0;0
"14/12/2024 06:15:00";1.3;0;0;0;0;0
"14/12/2024 06:20:00";1.4;0;0;0;0;0
"14/12/2024 06:25:00";1.5;0;0;0;0;0
"14/12/2024 06:30:00";1.3;0;0;0;0;0
"14/12/2024 06:35:00";1.4;0;0;0;0;0
"14/12/2024 06:40:00";1.3;0;0;0;0;0
"14/12/2024 06:45:00";1.4;0;0;0;0;0
"14/12/2024 06:50:00";1.5;0;0;0;0;0
"14/12/2024 06:55:00";1.3;0;0;0;0;0
"14/12/2024 07:00:00";1.3;0;0;0;0;0
"14/12/2024 07:05:00";1.3;0;0;0;0;0
"14/12/2024 07:10:00";1.3;0;0;0;0;0
"14/12/2024 07:15:00";1;0;0;0;0;0
"14/12/2024 07:20:00";1.1;0;0;0;0;0
"14/12/2024 07:25:00";1.3;0;0;0;0;0
"14/12/2024 07:30:00";1.4;0;0;0;0;0
"14/12/2024 07:35:00";1.2;0;0;0;0;0
"14/12/2024 07:40:00";1;0;0;0;0;0
"14/12/2024 07:45:00";1.3;0;0;0;0;0
"14/12/2024 07:50:00";1.3;53;0;0;0;0
"14/12/2024 07:55:00";1.4;0;0;0;0;0
"14/12/2024 08:00:00";1.2;0;0;0;0;0
"14/12/2024 08:05:00";1.3;0;0;0;0;0
"14/12/2024 08:10:00";1.1;0;0;0;0;0
"14/12/2024 08:15:00";1.1;0;0;0;0;0
"14/12/2024 08:20:00";1.2;0;0;0;0;0
"14/12/2024 08:25:00";1.3;0;0;0;0;0
"14/12/2024 08:30:00";1.5;0;0;0;0;0
"14/12/2024 08:35:00";1.5;0;0;0;0;0
"14/12/2024 08:40:00";1.4;0;0;0;0;0
"14/12/2024 08:45:00";1.4;0;0;0;0;0
"14/12/2024 08:50:00";1.5;0;0;0;0;0
"14/12/2024 08:55:00";1.7;0;0;0;0;0
"14/12/2024 09:00:00";1.7;0;0.1;0.1;0;0.1
"14/12/2024 09:05:00";1.7;0;0.1;0.1;0.1;0.1
"14/12/2024 09:10:00";1.6;0;0.2;0.1;0.1;0.2
"14/12/2024 09:15:00";1.6;0;0.2;0.2;0.2;0.2
"14/12/2024 09:20:00";1.7;0;0.4;0.4;0.3;0.4
"14/12/2024 09:25:00";2;0;0.5;0.5;0.5;0.5
"14/12/2024 09:30:00";1.9;0;0.5;0.5;0.5;0.5
"14/12/2024 09:35:00";2.1;0;0.5;0.5;0.4;0.5
"14/12/2024 09:40:00";2;0;0.5;0.5;0.4;0.5
"14/12/2024 09:45:00";1.9;0;0.8;0.8;0.7;0.8
"14/12/2024 09:50:00";1.9;0;0.8;0.8;0.7;0.8
"14/12/2024 09:55:00";2.1;0;1;1;0.9;1
"14/12/2024 10:00:00";2.2;0;1;1;0.8;0.9
"14/12/2024 10:05:00";2.3;0;1.5;1.6;1.2;1.3
"14/12/2024 10:10:00";2.1;1;1.6;1.6;1.4;1.5
"14/12/2024 10:15:00";2;1;1.9;1.9;1.6;1.8
"14/12/2024 10:20:00";2.1;0;1.7;1.8;1.4;1.5
"14/12/2024 10:25:00";2.2;0;1.6;1.7;1.4;1.6
"14/12/2024 10:30:00";2.3;0;1.6;1.5;1.3;1.5
"14/12/2024 10:35:00";2.2;0;1.7;1.7;1.4;1.6
"14/12/2024 10:40:00";2.6;0;2;2;1.8;2
"14/12/2024 10:45:00";2.7;0;2.5;2.6;2.1;2.2
"14/12/2024 10:50:00";2.6;0;2.2;2.3;1.9;2.1
"14/12/2024 10:55:00";2.5;0;2.5;2.6;2.1;2.3
"14/12/2024 11:00:00";2.6;0;3.2;3.3;2.8;3
"14/12/2024 11:05:00";2.8;0;3.3;3.7;3;2.9
"14/12/2024 11:10:00";2.8;0;2.9;2.8;2.3;2.8
"14/12/2024 11:15:00";2.9;0;3.4;3.3;2.8;3.3
"14/12/2024 11:20:00";2.9;0;3.4;3.5;3;3.3
"14/12/2024 11:25:00";2.9;0;3.5;3.5;2.8;3.1
"14/12/2024 11:30:00";3;14;4.2;3.9;3.3;3.9
"14/12/2024 11:35:00";3.4;0;4.3;4.5;3.5;3.8
"14/12/2024 11:40:00";3.2;0;4.2;4.6;3.5;3.6
"14/12/2024 11:45:00";3.4;0;3.4;3.3;2.7;3.1
"14/12/2024 11:50:00";3.3;0;3.9;3.9;3.3;3.6
"14/12/2024 11:55:00";3.5;0;4.1;4.3;3.5;3.7
"14/12/2024 12:00:00";3.4;0;4.4;4.5;3.5;3.8
"14/12/2024 12:05:00";3.3;0;3.3;3.6;2.8;3
"14/12/2024 12:10:00";3.5;0;3.7;3.6;2.9;3.3
"14/12/2024 12:15:00";3.6;0;3.3;3.4;3.1;3.3
"14/12/2024 12:20:00";3.5;0;3.3;3.6;3;3.2
"14/12/2024 12:25:00";3.7;0;3.1;3.1;2.5;2.8
"14/12/2024 12:30:00";3.6;0;3.4;3.5;2.8;3
"14/12/2024 12:35:00";3.8;0;3.1;3.3;2.5;2.6
"14/12/2024 12:40:00";3.7;0;3;3;2.4;2.8
"14/12/2024 12:45:00";3.9;0;2.4;2.4;2;2.2
"14/12/2024 12:50:00";3.9;0;2.6;2.4;2.1;2.5
"14/12/2024 12:55:00";3.7;0;2.3;2.2;1.8;2.1
"14/12/2024 13:00:00";3.6;0;2.5;2.3;1.9;2.3
"14/12/2024 13:05:00";3.6;8;1.9;2.1;1.7;1.8
"14/12/2024 13:10:00";3.6;4;1.9;2;1.8;1.9
"14/12/2024 13:15:00";3.7;0;1.4;1.4;1.2;1.4
"14/12/2024 13:20:00";3.8;0;1.7;1.7;1.5;1.7
"14/12/2024 13:25:00";3.8;0;1.9;2.2;1.9;1.9
"14/12/2024 13:30:00";4.2;0;1.9;1.9;1.7;1.8
"14/12/2024 13:35:00";4.1;0;1.7;1.8;1.5;1.6
"14/12/2024 13:40:00";3.8;0;1.8;1.7;1.6;1.8
"14/12/2024 13:45:00";3.9;0;1.6;1.6;1.4;1.7
"14/12/2024 13:50:00";4;0;1.8;1.8;1.5;1.8
"14/12/2024 13:55:00";4.1;0;1.3;1.3;1.1;1.3
"14/12/2024 14:00:00";4;0;1.1;1.3;1.1;1.1
"14/12/2024 14:05:00";4.1;0;1.3;1.3;1.1;1.3
"14/12/2024 14:10:00";4;0;1.8;1.8;1.6;1.8
"14/12/2024 14:15:00";4.1;0;2;1.8;1.7;2.1
"14/12/2024 14:20:00";4.1;0;2.5;2.3;2;2.4
"14/12/2024 14:25:00";4.1;0;2.5;2.5;2.1;2.4
"14/12/2024 14:30:00";4.2;0;3;2.6;2.3;2.9
"14/12/2024 14:35:00";4.3;0;2.6;2.4;2.2;2.6
"14/12/2024 14:40:00";4.3;0;2.2;2.3;2;2.2
"14/12/2024 14:45:00";4.2;0;1.6;1.6;1.3;1.6
"14/12/2024 14:50:00";4.2;0;2.2;2.2;1.9;2.1
"14/12/2024 14:55:00";4.3;0;1.5;1.5;1.2;1.3
"14/12/2024 15:00:00";4.4;0;1.1;1.1;0.8;1
"14/12/2024 15:05:00";4.3;0;0.9;0.8;0.7;0.9
"14/12/2024 15:10:00";4.3;0;1;1;0.8;1
"14/12/2024 15:15:00";4.4;0;0.7;0.6;0.5;0.7
"14/12/2024 15:20:00";4.2;0;0.5;0.5;0.4;0.5
"14/12/2024 15:25:00";4.2;0;0.4;0.4;0.3;0.4
"14/12/2024 15:30:00";4.3;0;0.3;0.3;0.3;0.3
"14/12/2024 15:35:00";4.3;0;0.5;0.5;0.4;0.5
"14/12/2024 15:40:00";4.4;0;0.3;0.3;0.2;0.2
"14/12/2024 15:45:00";4.4;0;0.2;0.2;0.2;0.2
"14/12/2024 15:50:00";4.3;0;0.3;0.3;0.2;0.3
"14/12/2024 15:55:00";4.3;0;0.2;0.2;0.2;0.2
"14/12/2024 16:00:00";4.3;0;0.2;0.2;0.2;0.2
"14/12/2024 16:05:00";4.3;0;0.1;0.1;0.1;0.1
"14/12/2024 16:10:00";4.5;0;0.1;0.1;0;0.1
"14/12/2024 16:15:00";4.5;0;0;0;0;0
"14/12/2024 16:20:00";4.5;0;0;0;0;0
"14/12/2024 16:25:00";4.6;0;0;0;0;0
"14/12/2024 16:30:00";4.7;0;0;0;0;0
"14/12/2024 16:35:00";4.6;0;0;0;0;0
"14/12/2024 16:40:00";4.8;0;0;0;0;0
"14/12/2024 16:45:00";4.7;0;0;0;0;0
"14/12/2024 16:50:00";4.7;0;0;0;0;0
"14/12/2024 16:55:00";4.4;0;0;0;0;0
"14/12/2024 17:00:00";4.4;0;0;0;0;0
"14/12/2024 17:05:00";4.3;0;0;0;0;0
"14/12/2024 17:10:00";4.3;0;0;0;0;0
"14/12/2024 17:15:00";4.6;0;0;0;0;0
"14/12/2024 17:20:00";4.5;0;0;0;0;0
"14/12/2024 17:25:00";4.5;0;0;0;0;0
"14/12/2024 17:30:00";4.7;0;0;0;0;0
"14/12/2024 17:35:00";4.5;0;0;0;0;0
"14/12/2024 17:40:00";4.5;0;0;0;0;0
"14/12/2024 17:45:00";4.7;0;0;0;0;0
"14/12/2024 17:50:00";4.8;0;0;0;0;0
"14/12/2024 17:55:00";4.8;0;0;0;0;0
"14/12/2024 18:00:00";5;0;0;0;0;0
"14/12/2024 18:05:00";4.9;0;0;0;0;0
"14/12/2024 18:10:00";4.9;0;0;0;0;0
"14/12/2024 18:15:00";5;0;0;0;0;0
"14/12/2024 18:20:00";5.2;0;0;0;0;0
"14/12/2024 18:25:00";5.3;0;0;0;0;0
"14/12/2024 18:30:00";5.3;0;0;0;0;0
"14/12/2024 18:35:00";5.1;0;0;0;0;0
"14/12/2024 18:40:00";5.1;0;0;0;0;0
"14/12/2024 18:45:00";5.4;0;0;0;0;0
"14/12/2024 18:50:00";5.3;0;0;0;0;0
"14/12/2024 18:55:00";5.1;0;0;0;0;0
"14/12/2024 19:00:00";5.1;0;0;0;0;0
"14/12/2024 19:05:00";5;0;0;0;0;0
"14/12/2024 19:10:00";4.9;0;0;0;0;0
"14/12/2024 19:15:00";5;0;0;0;0;0
"14/12/2024 19:20:00";5;0;0;0;0;0
"14/12/2024 19:25:00";5.1;0;0;0;0;0
"14/12/2024 19:30:00";5.3;0;0;0;0;0
"14/12/2024 19:35:00";5.5;0;0;0;0;0
"14/12/2024 19:40:00";5.4;0;0;0;0;0
"14/12/2024 19:45:00";5.5;0;0;0;0;0
"14/12/2024 19:50:00";5.7;0;0;0;0;0
"14/12/2024 19:55:00";5.7;0;0;0;0;0
"14/12/2024 20:00:00";5.5;0;0;0;0;0
"14/12/2024 20:05:00";5.5;0;0;0;0;0
"14/12/2024 20:10:00";5.2;0;0;0;0;0
"14/12/2024 20:15:00";5.2;0;0;0;0;0
"14/12/2024 20:20:00";4.9;0;0;0;0;0
"14/12/2024 20:25:00";4.8;0;0;0;0;0
"14/12/2024 20:30:00";4.8;0;0;0;0;0
"14/12/2024 20:35:00";4.7;0;0;0;0;0
"14/12/2024 20:40:00";4.8;0;0;0;0;0
"14/12/2024 20:45:00";4.7;0;0;0;0;0
"14/12/2024 20:50:00";5;0;0;0;0;0
"14/12/2024 20:55:00";5.1;0;0;0;0;0
"14/12/2024 21:00:00";5.5;0;0;0;0;0
"14/12/2024 21:05:00";5.5;0;0;0;0;0
"14/12/2024 21:10:00";5.5;0;0;0;0;0
"14/12/2024 21:15:00";5.5;0;0;0;0;0
"14/12/2024 21:20:00";5.5;0;0;0;0;0
"14/12/2024 21:25:00";5.4;0;0;0;0;0
"14/12/2024 21:30:00";5.4;0;0;0;0;0
"14/12/2024 21:35:00";5.5;0;0;0;0;0
"14/12/2024 21:40:00";5.4;0;0;0;0;0
"14/12/2024 21:45:00";5.4;0;0;0;0;0
"14/12/2024 21:50:00";5.4;0;0;0;0;0
"14/12/2024 21:55:00";5.2;0;0;0;0;0
"14/12/2024 22:00:00";5.2;0;0;0;0;0
"14/12/2024 22:05:00";5.2;0;0;0;0;0
"14/12/2024 22:10:00";5.2;0;0;0;0;0
"14/12/2024 22:15:00";5.2;0;0;0;0;0
"14/12/2024 22:20:00";4.9;0;0;0;0;0
"14/12/2024 22:25:00";4.8;0;0;0;0;0
"14/12/2024 22:30:00";4.7;0;0;0;0;0
"14/12/2024 22:35:00";4.5;0;0;0;0;0
"14/12/2024 22:40:00";4.5;0;0;0;0;0
"14/12/2024 22:45:00";4.5;0;0;0;0;0
"14/12/2024 22:50:00";4.6;0;0;0;0;0
"14/12/2024 22:55:00";4.7;0;0;0;0;0
"14/12/2024 23:00:00";4.5;0;0;0;0;0
"14/12/2024 23:05:00";4.5;0;0;0;0;0
"14/12/2024 23:10:00";4.6;0;0;0;0;0
"14/12/2024 23:15:00";4.5;0;0;0;0;0
"14/12/2024 23:20:00";4.4;0;0;0;0;0
"14/12/2024 23:25:00";4.4;0;0;0;0;0
"14/12/2024 23:30:00";4.3;0;0;0;0;0
"14/12/2024 23:35:00";4.3;0;0;0;0;0
"14/12/2024 23:40:00";4.2;0;0;0;0;0
"14/12/2024 23:45:00";4.2;0;0;0;0;0
"14/12/2024 23:50:00";4.3;0;0;0;0;0
"14/12/2024 23:55:00";4.4;0;0;0;0;0
"15/12/2024 00:00:00";4.5;0;0;0;0;0
"15/12/2024 00:05:00";4;0;0;0;0;0
"15/12/2024 00:10:00";3.9;0;0;0;0;0
"15/12/2024 00:15:00";3.9;0;0;0;0;0
"15/12/2024 00:20:00";3.9;0;0;0;0;0
"15/12/2024 00:25:00";3.9;0;0;0;0;0
"15/12/2024 00:30:00";4.1;0;0;0;0;0
"15/12/2024 00:35:00";4.4;0;0;0;0;0
"15/12/2024 00:40:00";4.4;0;0;0;0;0
"15/12/2024 00:45:00";4.4;0;0;0;0;0
"15/12/2024 00:50:00";4.4;1;0;0;0;0
"15/12/2024 00:55:00";4.4;0;0;0;0;0
"15/12/2024 01:00:00";4.4;0;0;0;0;0
"15/12/2024 01:05:00";4.3;0;0;0;0;0
"15/12/2024 01:10:00";4.3;0;0;0;0;0
"15/12/2024 01:15:00";4.1;0;0;0;0;0
"15/12/2024 01:20:00";4;0;0;0;0;0
"15/12/2024 01:25:00";4.2;0;0;0;0;0
"15/12/2024 01:30:00";4.1;0;0;0;0;0
"15/12/2024 01:35:00";4;0;0;0;0;0
"15/12/2024 01:40:00";4;0;0;0;0;0
"15/12/2024 01:45:00";3.7;0;0;0;0;0
"15/12/2024 01:50:00";3.4;0;0;0;0;0
"15/12/2024 01:55:00";3.3;0;0;0;0;0
"15/12/2024 02:00:00";3.3;0;0;0;0;0
"15/12/2024 02:05:00";3.3;0;0;0;0;0
"15/12/2024 02:10:00";3.5;0;0;0;0;0
"15/12/2024 02:15:00";3.2;0;0;0;0;0
"15/12/2024 02:20:00";3.4;0;0;0;0;0
"15/12/2024 02:25:00";3.4;0;0;0;0;0
"15/12/2024 02:30:00";3.4;0;0;0;0;0
"15/12/2024 02:35:00";3.9;0;0;0;0;0
"15/12/2024 02:40:00";3.9;0;0;0;0;0
"15/12/2024 02:45:00";3.9;0;0;0;0;0
"15/12/2024 02:50:00";3.8;0;0;0;0;0
"15/12/2024 02:55:00";3.5;0;0;0;0;0
"15/12/2024 03:00:00";3.4;0;0;0;0;0
"15/12/2024 03:05:00";3.5;0;0;0;0;0
"15/12/2024 03:10:00";3.7;0;0;0;0;0
"15/12/2024 03:15:00";3.5;0;0;0;0;0
"15/12/2024 03:20:00";3.6;0;0;0;0;0
"15/12/2024 03:25:00";3.3;0;0;0;0;0
"15/12/2024 03:30:00";3.2;0;0;0;0;0
"15/12/2024 03:35:00";3.1;0;0;0;0;0
"15/12/2024 03:40:00";3.2;0;0;0;0;0
"15/12/2024 03:45:00";3.2;0;0;0;0;0
"15/12/2024 03:50:00";3.3;0;0;0;0;0
"15/12/2024 03:55:00";3.2;0;0;0;0;0
"15/12/2024 04:00:00";3.1;0;0;0;0;0
"15/12/2024 04:05:00";3;0;0;0;0;0
"15/12/2024 04:10:00";3;0;0;0;0;0
"15/12/2024 04:15:00";3.1;0;0;0;0;0
"15/12/2024 04:20:00";2.9;0;0;0;0;0
"15/12/2024 04:25:00";2.9;0;0;0;0;0
"15/12/2024 04:30:00";2.7;0;0;0;0;0
"15/12/2024 04:35:00";2.7;0;0;0;0;0
"15/12/2024 04:40:00";2.7;0;0;0;0;0
"15/12/2024 04:45:00";2.8;0;0;0;0;0
"15/12/2024 04:50:00";3;0;0;0;0;0
"15/12/2024 04:55:00";3.3;0;0;0;0;0
"15/12/2024 05:00:00";3.2;0;0;0;0;0
"15/12/2024 05:05:00";3.1;0;0;0;0;0
"15/12/2024 05:10:00";3.2;0;0;0;0;0
"15/12/2024 05:15:00";3.4;0;0;0;0;0
"15/12/2024 05:20:00";3.6;0;0;0;0;0
"15/12/2024 05:25:00";3.7;0;0;0;0;0
"15/12/2024 05:30:00";3.9;67;0;0;0;0
"15/12/2024 05:35:00";3.9;0;0;0;0;0
"15/12/2024 05:40:00";3.7;0;0;0;0;0
"15/12/2024 05:45:00";4;0;0;0;0;0
"15/12/2024 05:50:00";3.7;0;0;0;0;0
"15/12/2024 05:55:00";3.6;0;0;0;0;0
"15/12/2024 06:00:00";3.8;0;0;0;0;0
"15/12/2024 06:05:00";3.8;0;0;0;0;0
"15/12/2024 06:10:00";3.7;0;0;0;0;0
"15/12/2024 06:15:00";3.9;0;0;0;0;0
"15/12/2024 06:20:00";3.7;0;0;0;0;0
"15/12/2024 06:25:00";3.7;0;0;0;0;0
"15/12/2024 06:30:00";3.8;0;0;0;0;0
"15/12/2024 06:35:00";4.1;0;0;0;0;0
"15/12/2024 06:40:00";4;0;0;0;0;0
"15/12/2024 06:45:00";4.1;0;0;0;0;0
"15/12/2024 06:50:00";3.8;0;0;0;0;0
"15/12/2024 06:55:00";3.9;0;0;0;0;0
"15/12/2024 07:00:00";3.9;0;0;0;0;0
"15/12/2024 07:05:00";4.1;0;0;0;0;0
"15/12/2024 07:10:00";4.1;0;0;0;0;0
"15/12/2024 07:15:00";4.3;0;0;0;0;0
"15/12/2024 07:20:00";4.2;0;0;0;0;0
"15/12/2024 07:25:00";4.5;0;0;0;0;0
"15/12/2024 07:30:00";4.5;0;0;0;0;0
"15/12/2024 07:35:00";4.3;0;0;0;0;0
"15/12/2024 07:40:00";4.5;0;0;0;0;0
"15/12/2024 07:45:00";4.7;0;0;0;0;0
"15/12/2024 07:50:00";4.9;0;0;0;0;0
"15/12/2024 07:55:00";5.1;0;0;0;0;0
"15/12/2024 08:00:00";5.3;0;0;0;0;0
"15/12/2024 08:05:00";5.2;0;0;0;0;0
"15/12/2024 08:10:00";5.1;0;0;0;0;0
"15/12/2024 08:15:00";5.2;0;0;0;0;0
"15/12/2024 08:20:00";5.1;0;0;0;0;0
"15/12/2024 08:25:00";5.3;0;0;0;0;0
"15/12/2024 08:30:00";5.2;0;0.1;0.1;0;0
"15/12/2024 08:35:00";5.3;0;0.1;0.2;0.1;0.1
"15/12/2024 08:40:00";5.4;0;0.1;0.2;0.1;0.1
"15/12/2024 08:45:00";5.4;0;0.2;0.3;0.2;0.2
"15/12/2024 08:50:00";5.4;0;0.3;0.3;0.3;0.2
"15/12/2024 08:55:00";5.4;0;0.4;0.4;0.4;0.4
"15/12/2024 09:00:00";5.5;0;0.6;0.8;0.6;0.5
"15/12/2024 09:05:00";5.5;0;0.8;1.2;0.8;0.7
"15/12/2024 09:10:00";5.5;0;1.4;1.7;1.3;1.2
"15/12/2024 09:15:00";5.7;0;1.3;1.6;1.4;1.2
"15/12/2024 09:20:00";5.7;0;1.8;2.1;1.7;1.6
"15/12/2024 09:25:00";5.7;0;2;3;2.2;1.9
"15/12/2024 09:30:00";5.8;0;1.8;2;1.6;1.6
"15/12/2024 09:35:00";5.9;0;1.6;1.5;1.3;1.5
"15/12/2024 09:40:00";5.9;0;1.2;1.1;1;1.1
"15/12/2024 09:45:00";6;0;1.2;1.1;1;1.2
"15/12/2024 09:50:00";6;0;1.2;1.1;1;1.1
"15/12/2024 09:55:00";6.2;0;1.4;1.4;1.2;1.3
"15/12/2024 10:00:00";6.2;0;1.4;1.4;1.2;1.3
"15/12/2024 10:05:00";6.3;0;0.9;0.8;0.7;0.8
"15/12/2024 10:10:00";6.4;0;1.4;1.3;1.1;1.3
"15/12/2024 10:15:00";6.4;0;1.3;1.3;1.1;1.2
"15/12/2024 10:20:00";6.5;0;1.5;1.6;1.3;1.4
"15/12/2024 10:25:00";6.5;0;1.7;1.6;1.4;1.6
"15/12/2024 10:30:00";6.6;0;1.7;1.8;1.6;1.7
"15/12/2024 10:35:00";6.6;0;2.1;2;1.7;2.1
"15/12/2024 10:40:00";6.7;0;2.1;2.1;1.8;2
"15/12/2024 10:45:00";6.8;0;2;1.9;1.6;1.9
"15/12/2024 10:50:00";6.8;0;1.9;2;1.7;1.8
"15/12/2024 10:55:00";6.9;0;1.9;1.9;1.6;1.8
"15/12/2024 11:00:00";7;0;1.7;1.7;1.4;1.7
"15/12/2024 11:05:00";7;0;2.1;2.1;1.7;1.9
"15/12/2024 11:10:00";7.1;0;2;2;1.7;1.9
"15/12/2024 11:15:00";7.2;0;1.4;1.5;1.3;1.4
"15/12/2024 11:20:00";7.1;0;1.7;1.6;1.4;1.7
"15/12/2024 11:25:00";7.2;0;1.2;1.1;1;1.2
"15/12/2024 11:30:00";7.3;0;1.1;1.1;0.9;1
"15/12/2024 11:35:00";7.3;0;1.5;1.5;1.2;1.4
"15/12/2024 11:40:00";7.2;0;1.5;1.5;1.3;1.5
"15/12/2024 11:45:00";7.3;0;2.2;2.2;1.8;2.1
"15/12/2024 11:50:00";7.2;0;1.9;1.8;1.5;1.7
"15/12/2024 11:55:00";7.2;0;1.9;1.7;1.4;1.8
"15/12/2024 12:00:00";7.4;0;1.9;1.9;1.6;1.9
"15/12/2024 12:05:00";7.5;0;1.6;1.5;1.2;1.4
"15/12/2024 12:10:00";7.3;0;2.8;2.6;2.2;2.7
"15/12/2024 12:15:00";7.4;0;2.2;2.7;2.2;2
"15/12/2024 12:20:00";7.6;0;2.6;2.8;2.2;2.2
"15/12/2024 12:25:00";7.2;0;2.9;2.8;2.3;2.6
"15/12/2024 12:30:00";7.3;0;2.7;2.6;2.1;2.3
"15/12/2024 12:35:00";7.2;0;2.2;2.2;1.8;2.1
"15/12/2024 12:40:00";7.4;0;1.6;1.7;1.4;1.6
"15/12/2024 12:45:00";7.4;0;2.3;2.3;2;2.2
"15/12/2024 12:50:00";7;0;2.2;2.3;1.8;1.9
"15/12/2024 12:55:00";7;0;2;2;1.7;1.9
"15/12/2024 13:00:00";7.1;0;1.9;1.9;1.5;1.7
"15/12/2024 13:05:00";6.9;0;2.1;2.1;1.8;2
"15/12/2024 13:10:00";6.9;0;2.5;2.3;1.8;2.1
"15/12/2024 13:15:00";6.9;0;1.7;1.8;1.5;1.6
"15/12/2024 13:20:00";6.8;16;1.6;1.6;1.3;1.4
"15/12/2024 13:25:00";6.8;0;1.5;1.5;1.2;1.3
"15/12/2024 13:30:00";6.8;0;1.6;1.6;1.3;1.4
"15/12/2024 13:35:00";6.8;0;1.5;1.4;1.1;1.4
"15/12/2024 13:40:00";6.8;0;1.6;1.6;1.3;1.4
"15/12/2024 13:45:00";6.8;0;2;1.9;1.6;1.9
"15/12/2024 13:50:00";6.8;0;1.5;1.5;1.2;1.4
"15/12/2024 13:55:00";6.8;0;1.5;1.5;1.2;1.4
"15/12/2024 14:00:00";6.9;0;1.4;1.4;1.2;1.3
"15/12/2024 14:05:00";6.9;0;1.2;1.2;1;1.1
"15/12/2024 14:10:00";7;0;1.1;1.1;0.9;1
"15/12/2024 14:15:00";7.1;0;0.9;1;0.8;0.8
"15/12/2024 14:20:00";7.2;0;0.9;0.8;0.7;0.8
"15/12/2024 14:25:00";7.3;0;0.8;0.8;0.6;0.7
"15/12/2024 14:30:00";7.3;0;0.7;0.7;0.5;0.6
"15/12/2024 14:35:00";7.2;0;0.7;0.7;0.5;0.7
"15/12/2024 14:40:00";7.1;0;0.7;0.7;0.5;0.7
"15/12/2024 14:45:00";7.1;0;0.7;0.6;0.5;0.6
"15/12/2024 14:50:00";7.1;0;0.5;0.5;0.4;0.5
"15/12/2024 14:55:00";7.2;0;0.5;0.5;0.4;0.5
"15/12/2024 15:00:00";7.3;0;0.5;0.5;0.4;0.5
"15/12/2024 15:05:00";7.3;0;0.4;0.4;0.4;0.4
"15/12/2024 15:10:00";7.3;0;0.5;0.5;0.4;0.4
"15/12/2024 15:15:00";7.2;0;0.4;0.4;0.3;0.4
"15/12/2024 15:20:00";7.3;0;0.3;0.3;0.3;0.3
"15/12/2024 15:25:00";7.3;0;0.2;0.2;0.2;0.2
"15/12/2024 15:30:00";7.4;0;0.2;0.2;0.2;0.2
"15/12/2024 15:35:00";7.5;0;0.2;0.2;0.1;0.2
"15/12/2024 15:40:00";7.6;0;0.1;0.1;0.1;0.1
"15/12/2024 15:45:00";7.6;0;0.1;0.1;0.1;0.1
"15/12/2024 15:50:00";7.7;0;0.1;0.1;0.1;0.1
"15/12/2024 15:55:00";7.8;0;0.1;0.1;0.1;0.1
"15/12/2024 16:00:00";7.9;0;0.1;0.1;0;0.1
"15/12/2024 16:05:00";8;0;0;0;0;0
"15/12/2024 16:10:00";8.1;0;0;0;0;0
"15/12/2024 16:15:00";8;0;0;0;0;0
"15/12/2024 16:20:00";8.1;0;0;0;0;0
"15/12/2024 16:25:00";8.3;0;0;0;0;0
"15/12/2024 16:30:00";8.3;0;0;0;0;0
"15/12/2024 16:35:00";8.5;0;0;0;0;0
"15/12/2024 16:40:00";8.4;0;0;0;0;0
"15/12/2024 16:45:00";8.4;0;0;0;0;0
"15/12/2024 16:50:00";8.6;0;0;0;0;0
"15/12/2024 16:55:00";8.6;0;0;0;0;0
"15/12/2024 17:00:00";8.5;0;0;0;0;0
"15/12/2024 17:05:00";8.4;0;0;0;0;0
"15/12/2024 17:10:00";8.4;0;0;0;0;0
"15/12/2024 17:15:00";8.4;7;0;0;0;0
"15/12/2024 17:20:00";8.5;0;0;0;0;0
"15/12/2024 17:25:00";8.5;0;0;0;0;0
"15/12/2024 17:30:00";8.5;0;0;0;0;0
"15/12/2024 17:35:00";8.5;0;0;0;0;0
"15/12/2024 17:40:00";8.5;0;0;0;0;0
"15/12/2024 17:45:00";8.6;0;0;0;0;0
"15/12/2024 17:50:00";8.8;0;0;0;0;0
"15/12/2024 17:55:00";8.9;0;0;0;0;0
"15/12/2024 18:00:00";8.9;0;0;0;0;0
"15/12/2024 18:05:00";8.9;0;0;0;0;0
"15/12/2024 18:10:00";8.9;0;0;0;0;0
"15/12/2024 18:15:00";9.1;0;0;0;0;0
"15/12/2024 18:20:00";9.1;0;0;0;0;0
"15/12/2024 18:25:00";9;0;0;0;0;0
"15/12/2024 18:30:00";9;0;0;0;0;0
"15/12/2024 18:35:00";9;0;0;0;0;0
"15/12/2024 18:40:00";8.9;0;0;0;0;0
"15/12/2024 18:45:00";9;0;0;0;0;0
"15/12/2024 18:50:00";9;0;0;0;0;0
"15/12/2024 18:55:00";9.1;0;0;0;0;0
"15/12/2024 19:00:00";9.1;0;0;0;0;0
"15/12/2024 19:05:00";9.1;0;0;0;0;0
"15/12/2024 19:10:00";9.1;0;0;0;0;0
"15/12/2024 19:15:00";9.1;0;0;0;0;0
"15/12/2024 19:20:00";9;0;0;0;0;0
"15/12/2024 19:25:00";9;0;0;0;0;0
"15/12/2024 19:30:00";9.1;0;0;0;0;0
"15/12/2024 19:35:00";9.1;0;0;0;0;0
"15/12/2024 19:40:00";9.1;0;0;0;0;0
"15/12/2024 19:45:00";9.1;0;0;0;0;0
"15/12/2024 19:50:00";9.2;0;0;0;0;0
"15/12/2024 19:55:00";9.3;0;0;0;0;0
"15/12/2024 20:00:00";9.2;0;0;0;0;0
"15/12/2024 20:05:00";9.3;0;0;0;0;0
"15/12/2024 20:10:00";9.3;0;0;0;0;0
"15/12/2024 20:15:00";9.3;0;0;0;0;0
"15/12/2024 20:20:00";9.4;0;0;0;0;0
"15/12/2024 20:25:00";9.5;0;0;0;0;0
"15/12/2024 20:30:00";9.5;0;0;0;0;0
"15/12/2024 20:35:00";9.6;0;0;0;0;0
"15/12/2024 20:40:00";9.6;0;0;0;0;0
"15/12/2024 20:45:00";9.6;0;0;0;0;0
"15/12/2024 20:50:00";9.6;0;0;0;0;0
"15/12/2024 20:55:00";9.7;0;0;0;0;0
"15/12/2024 21:00:00";9.9;0;0;0;0;0
"15/12/2024 21:05:00";9.8;0;0;0;0;0
"15/12/2024 21:10:00";9.8;0;0;0;0;0
"15/12/2024 21:15:00";10;0;0;0;0;0
"15/12/2024 21:20:00";10;0;0;0;0;0
"15/12/2024 21:25:00";10;0;0;0;0;0
"15/12/2024 21:30:00";10;5;0;0;0;0
"15/12/2024 21:35:00";10;0;0;0;0;0
"15/12/2024 21:40:00";10.1;0;0;0;0;0
"15/12/2024 21:45:00";10.1;0;0;0;0;0
"15/12/2024 21:50:00";10.1;0;0;0;0;0
"15/12/2024 21:55:00";10;0;0;0;0;0
"15/12/2024 22:00:00";10;0;0;0;0;0
"15/12/2024 22:05:00";10;0;0;0;0;0
"15/12/2024 22:10:00";10;0;0;0;0;0
"15/12/2024 22:15:00";9.9;0;0;0;0;0
"15/12/2024 22:20:00";9.9;0;0;0;0;0
"15/12/2024 22:25:00";9.8;0;0;0;0;0
"15/12/2024 22:30:00";9.8;0;0;0;0;0
"15/12/2024 22:35:00";9.8;0;0;0;0;0
"15/12/2024 22:40:00";9.8;0;0;0;0;0
"15/12/2024 22:45:00";9.9;0;0;0;0;0
"15/12/2024 22:50:00";10;0;0;0;0;0
"15/12/2024 22:55:00";10.1;0;0;0;0;0
"15/12/2024 23:00:00";10.1;0;0;0;0;0
"15/12/2024 23:05:00";10.2;0;0;0;0;0
"15/12/2024 23:10:00";10.2;0;0;0;0;0
"15/12/2024 23:15:00";10.2;0;0;0;0;0
"15/12/2024 23:20:00";10.3;0;0;0;0;0
"15/12/2024 23:25:00";10.2;0;0;0;0;0
"15/12/2024 23:30:00";10.3;0;0;0;0;0
"15/12/2024 23:35:00";10.3;0;0;0;0;0
"15/12/2024 23:40:00";10.4;0;0;0;0;0
"15/12/2024 23:45:00";10.3;0;0;0;0;0
"15/12/2024 23:50:00";10.3;0;0;0;0;0
"15/12/2024 23:55:00";10.3;0;0;0;0;0
"16/12/2024 00:00:00";10.4;0;0;0;0;0
